2025-01-11 14:48:52,730 - INFO - Starting data generation process.
2025-01-11 14:48:52,919 - INFO - Generating data for Asiakkaat...
2025-01-11 14:48:52,965 - ERROR - Error generating data: value too long for type character varying(20)

2025-01-11 14:48:52,965 - INFO - Database connection closed.
2025-01-11 14:50:48,080 - INFO - Starting data generation process.
2025-01-11 14:50:48,254 - INFO - Generating data for Asiakkaat...
2025-01-11 14:50:48,676 - INFO - Generating data for Tuotteet...
2025-01-11 14:50:48,879 - INFO - Generating data for Tilaukset...
2025-01-11 14:50:48,910 - ERROR - Error generating data: insert or update on table "tilaukset" violates foreign key constraint "tilaukset_asiakas_id_fkey"
DETAIL:  Key (asiakas_id)=(8) is not present in table "asiakkaat".

2025-01-11 14:50:48,910 - INFO - Database connection closed.
2025-01-11 14:55:48,081 - INFO - Starting data generation process.
2025-01-11 14:55:48,269 - INFO - Generating data for Asiakkaat...
2025-01-11 14:55:48,737 - INFO - Generating data for Tuotteet...
2025-01-11 14:55:49,022 - INFO - Generating data for Tilaukset...
2025-01-11 14:55:49,022 - ERROR - Error generating data: insert or update on table "tilaukset" violates foreign key constraint "tilaukset_asiakas_id_fkey"
DETAIL:  Key (asiakas_id)=(66) is not present in table "asiakkaat".

2025-01-11 14:55:49,022 - INFO - Database connection closed.
2025-01-11 15:01:48,297 - INFO - Starting data generation process.
2025-01-11 15:01:48,505 - INFO - Generating data for Asiakkaat...
2025-01-11 15:01:49,007 - INFO - Committed data for Asiakkaat.
2025-01-11 15:01:49,007 - INFO - Generating data for Tuotteet...
2025-01-11 15:01:49,273 - INFO - Committed data for Tuotteet.
2025-01-11 15:01:49,273 - INFO - Generating data for Tilaukset...
2025-01-11 15:01:49,290 - ERROR - Error generating data: insert or update on table "tilaukset" violates foreign key constraint "tilaukset_asiakas_id_fkey"
DETAIL:  Key (asiakas_id)=(152) is not present in table "asiakkaat".

2025-01-11 15:01:49,305 - INFO - Database connection closed.
2025-01-11 15:04:01,993 - INFO - Starting data generation process.
2025-01-11 15:04:02,174 - INFO - Generating data for asiakkaat...
2025-01-11 15:04:02,180 - INFO - Added asiakas ID: 609
2025-01-11 15:04:02,183 - INFO - Added asiakas ID: 610
2025-01-11 15:04:02,185 - INFO - Added asiakas ID: 611
2025-01-11 15:04:02,187 - INFO - Added asiakas ID: 612
2025-01-11 15:04:02,187 - INFO - Added asiakas ID: 613
2025-01-11 15:04:02,187 - INFO - Added asiakas ID: 614
2025-01-11 15:04:02,187 - INFO - Added asiakas ID: 615
2025-01-11 15:04:02,187 - INFO - Added asiakas ID: 616
2025-01-11 15:04:02,187 - INFO - Added asiakas ID: 617
2025-01-11 15:04:02,203 - INFO - Added asiakas ID: 618
2025-01-11 15:04:02,203 - INFO - Added asiakas ID: 619
2025-01-11 15:04:02,203 - INFO - Added asiakas ID: 620
2025-01-11 15:04:02,203 - INFO - Added asiakas ID: 621
2025-01-11 15:04:02,203 - INFO - Added asiakas ID: 622
2025-01-11 15:04:02,203 - INFO - Added asiakas ID: 623
2025-01-11 15:04:02,219 - INFO - Added asiakas ID: 624
2025-01-11 15:04:02,219 - INFO - Added asiakas ID: 625
2025-01-11 15:04:02,219 - INFO - Added asiakas ID: 626
2025-01-11 15:04:02,219 - INFO - Added asiakas ID: 627
2025-01-11 15:04:02,219 - INFO - Added asiakas ID: 628
2025-01-11 15:04:02,219 - INFO - Added asiakas ID: 629
2025-01-11 15:04:02,219 - INFO - Added asiakas ID: 630
2025-01-11 15:04:02,234 - INFO - Added asiakas ID: 631
2025-01-11 15:04:02,234 - INFO - Added asiakas ID: 632
2025-01-11 15:04:02,234 - INFO - Added asiakas ID: 633
2025-01-11 15:04:02,234 - INFO - Added asiakas ID: 634
2025-01-11 15:04:02,234 - INFO - Added asiakas ID: 635
2025-01-11 15:04:02,234 - INFO - Added asiakas ID: 636
2025-01-11 15:04:02,234 - INFO - Added asiakas ID: 637
2025-01-11 15:04:02,234 - INFO - Added asiakas ID: 638
2025-01-11 15:04:02,250 - INFO - Added asiakas ID: 639
2025-01-11 15:04:02,250 - INFO - Added asiakas ID: 640
2025-01-11 15:04:02,250 - INFO - Added asiakas ID: 641
2025-01-11 15:04:02,250 - INFO - Added asiakas ID: 642
2025-01-11 15:04:02,266 - INFO - Added asiakas ID: 643
2025-01-11 15:04:02,266 - INFO - Added asiakas ID: 644
2025-01-11 15:04:02,266 - INFO - Added asiakas ID: 645
2025-01-11 15:04:02,266 - INFO - Added asiakas ID: 646
2025-01-11 15:04:02,266 - INFO - Added asiakas ID: 647
2025-01-11 15:04:02,281 - INFO - Added asiakas ID: 648
2025-01-11 15:04:02,281 - INFO - Added asiakas ID: 649
2025-01-11 15:04:02,281 - INFO - Added asiakas ID: 650
2025-01-11 15:04:02,281 - INFO - Added asiakas ID: 651
2025-01-11 15:04:02,281 - INFO - Added asiakas ID: 652
2025-01-11 15:04:02,281 - INFO - Added asiakas ID: 653
2025-01-11 15:04:02,297 - INFO - Added asiakas ID: 654
2025-01-11 15:04:02,297 - INFO - Added asiakas ID: 655
2025-01-11 15:04:02,297 - INFO - Added asiakas ID: 656
2025-01-11 15:04:02,297 - INFO - Added asiakas ID: 657
2025-01-11 15:04:02,297 - INFO - Added asiakas ID: 658
2025-01-11 15:04:02,312 - INFO - Added asiakas ID: 659
2025-01-11 15:04:02,312 - INFO - Added asiakas ID: 660
2025-01-11 15:04:02,312 - INFO - Added asiakas ID: 661
2025-01-11 15:04:02,312 - INFO - Added asiakas ID: 662
2025-01-11 15:04:02,312 - INFO - Added asiakas ID: 663
2025-01-11 15:04:02,312 - INFO - Added asiakas ID: 664
2025-01-11 15:04:02,328 - INFO - Added asiakas ID: 665
2025-01-11 15:04:02,328 - INFO - Added asiakas ID: 666
2025-01-11 15:04:02,328 - INFO - Added asiakas ID: 667
2025-01-11 15:04:02,328 - INFO - Added asiakas ID: 668
2025-01-11 15:04:02,328 - INFO - Added asiakas ID: 669
2025-01-11 15:04:02,328 - INFO - Added asiakas ID: 670
2025-01-11 15:04:02,328 - INFO - Added asiakas ID: 671
2025-01-11 15:04:02,344 - INFO - Added asiakas ID: 672
2025-01-11 15:04:02,344 - INFO - Added asiakas ID: 673
2025-01-11 15:04:02,344 - INFO - Added asiakas ID: 674
2025-01-11 15:04:02,344 - INFO - Added asiakas ID: 675
2025-01-11 15:04:02,344 - INFO - Added asiakas ID: 676
2025-01-11 15:04:02,344 - INFO - Added asiakas ID: 677
2025-01-11 15:04:02,344 - INFO - Added asiakas ID: 678
2025-01-11 15:04:02,359 - INFO - Added asiakas ID: 679
2025-01-11 15:04:02,359 - INFO - Added asiakas ID: 680
2025-01-11 15:04:02,359 - INFO - Added asiakas ID: 681
2025-01-11 15:04:02,359 - INFO - Added asiakas ID: 682
2025-01-11 15:04:02,359 - INFO - Added asiakas ID: 683
2025-01-11 15:04:02,359 - INFO - Added asiakas ID: 684
2025-01-11 15:04:02,359 - INFO - Added asiakas ID: 685
2025-01-11 15:04:02,375 - INFO - Added asiakas ID: 686
2025-01-11 15:04:02,375 - INFO - Added asiakas ID: 687
2025-01-11 15:04:02,375 - INFO - Added asiakas ID: 688
2025-01-11 15:04:02,375 - INFO - Added asiakas ID: 689
2025-01-11 15:04:02,375 - INFO - Added asiakas ID: 690
2025-01-11 15:04:02,375 - INFO - Added asiakas ID: 691
2025-01-11 15:04:02,375 - INFO - Added asiakas ID: 692
2025-01-11 15:04:02,391 - INFO - Added asiakas ID: 693
2025-01-11 15:04:02,391 - INFO - Added asiakas ID: 694
2025-01-11 15:04:02,391 - INFO - Added asiakas ID: 695
2025-01-11 15:04:02,391 - INFO - Added asiakas ID: 696
2025-01-11 15:04:02,391 - INFO - Added asiakas ID: 697
2025-01-11 15:04:02,391 - INFO - Added asiakas ID: 698
2025-01-11 15:04:02,391 - INFO - Added asiakas ID: 699
2025-01-11 15:04:02,406 - INFO - Added asiakas ID: 700
2025-01-11 15:04:02,406 - INFO - Added asiakas ID: 701
2025-01-11 15:04:02,406 - INFO - Added asiakas ID: 702
2025-01-11 15:04:02,406 - INFO - Added asiakas ID: 703
2025-01-11 15:04:02,406 - INFO - Added asiakas ID: 704
2025-01-11 15:04:02,406 - INFO - Added asiakas ID: 705
2025-01-11 15:04:02,406 - INFO - Added asiakas ID: 706
2025-01-11 15:04:02,422 - INFO - Added asiakas ID: 707
2025-01-11 15:04:02,422 - INFO - Added asiakas ID: 708
2025-01-11 15:04:02,422 - INFO - Added asiakas ID: 709
2025-01-11 15:04:02,422 - INFO - Added asiakas ID: 710
2025-01-11 15:04:02,422 - INFO - Added asiakas ID: 711
2025-01-11 15:04:02,422 - INFO - Added asiakas ID: 712
2025-01-11 15:04:02,437 - INFO - Added asiakas ID: 713
2025-01-11 15:04:02,437 - INFO - Added asiakas ID: 714
2025-01-11 15:04:02,437 - INFO - Added asiakas ID: 715
2025-01-11 15:04:02,437 - INFO - Added asiakas ID: 716
2025-01-11 15:04:02,437 - INFO - Added asiakas ID: 717
2025-01-11 15:04:02,437 - INFO - Added asiakas ID: 718
2025-01-11 15:04:02,437 - INFO - Added asiakas ID: 719
2025-01-11 15:04:02,453 - INFO - Added asiakas ID: 720
2025-01-11 15:04:02,453 - INFO - Added asiakas ID: 721
2025-01-11 15:04:02,453 - INFO - Added asiakas ID: 722
2025-01-11 15:04:02,453 - INFO - Added asiakas ID: 723
2025-01-11 15:04:02,453 - INFO - Added asiakas ID: 724
2025-01-11 15:04:02,453 - INFO - Added asiakas ID: 725
2025-01-11 15:04:02,453 - INFO - Added asiakas ID: 726
2025-01-11 15:04:02,469 - INFO - Added asiakas ID: 727
2025-01-11 15:04:02,469 - INFO - Added asiakas ID: 728
2025-01-11 15:04:02,469 - INFO - Added asiakas ID: 729
2025-01-11 15:04:02,469 - INFO - Added asiakas ID: 730
2025-01-11 15:04:02,469 - INFO - Added asiakas ID: 731
2025-01-11 15:04:02,469 - INFO - Added asiakas ID: 732
2025-01-11 15:04:02,469 - INFO - Added asiakas ID: 733
2025-01-11 15:04:02,469 - INFO - Added asiakas ID: 734
2025-01-11 15:04:02,484 - INFO - Added asiakas ID: 735
2025-01-11 15:04:02,484 - INFO - Added asiakas ID: 736
2025-01-11 15:04:02,484 - INFO - Added asiakas ID: 737
2025-01-11 15:04:02,484 - INFO - Added asiakas ID: 738
2025-01-11 15:04:02,484 - INFO - Added asiakas ID: 739
2025-01-11 15:04:02,484 - INFO - Added asiakas ID: 740
2025-01-11 15:04:02,500 - INFO - Added asiakas ID: 741
2025-01-11 15:04:02,500 - INFO - Added asiakas ID: 742
2025-01-11 15:04:02,500 - INFO - Added asiakas ID: 743
2025-01-11 15:04:02,500 - INFO - Added asiakas ID: 744
2025-01-11 15:04:02,500 - INFO - Added asiakas ID: 745
2025-01-11 15:04:02,500 - INFO - Added asiakas ID: 746
2025-01-11 15:04:02,500 - INFO - Added asiakas ID: 747
2025-01-11 15:04:02,516 - INFO - Added asiakas ID: 748
2025-01-11 15:04:02,516 - INFO - Added asiakas ID: 749
2025-01-11 15:04:02,516 - INFO - Added asiakas ID: 750
2025-01-11 15:04:02,524 - INFO - Added asiakas ID: 751
2025-01-11 15:04:02,524 - INFO - Added asiakas ID: 752
2025-01-11 15:04:02,524 - INFO - Added asiakas ID: 753
2025-01-11 15:04:02,541 - INFO - Added asiakas ID: 754
2025-01-11 15:04:02,541 - INFO - Added asiakas ID: 755
2025-01-11 15:04:02,541 - INFO - Added asiakas ID: 756
2025-01-11 15:04:02,541 - INFO - Added asiakas ID: 757
2025-01-11 15:04:02,541 - INFO - Added asiakas ID: 758
2025-01-11 15:04:02,556 - INFO - Added asiakas ID: 759
2025-01-11 15:04:02,556 - INFO - Added asiakas ID: 760
2025-01-11 15:04:02,556 - INFO - Added asiakas ID: 761
2025-01-11 15:04:02,556 - INFO - Added asiakas ID: 762
2025-01-11 15:04:02,556 - INFO - Added asiakas ID: 763
2025-01-11 15:04:02,572 - INFO - Added asiakas ID: 764
2025-01-11 15:04:02,573 - INFO - Added asiakas ID: 765
2025-01-11 15:04:02,573 - INFO - Added asiakas ID: 766
2025-01-11 15:04:02,573 - INFO - Added asiakas ID: 767
2025-01-11 15:04:02,573 - INFO - Added asiakas ID: 768
2025-01-11 15:04:02,573 - INFO - Added asiakas ID: 769
2025-01-11 15:04:02,589 - INFO - Added asiakas ID: 770
2025-01-11 15:04:02,589 - INFO - Added asiakas ID: 771
2025-01-11 15:04:02,589 - INFO - Added asiakas ID: 772
2025-01-11 15:04:02,589 - INFO - Added asiakas ID: 773
2025-01-11 15:04:02,589 - INFO - Added asiakas ID: 774
2025-01-11 15:04:02,589 - INFO - Added asiakas ID: 775
2025-01-11 15:04:02,606 - INFO - Added asiakas ID: 776
2025-01-11 15:04:02,606 - INFO - Added asiakas ID: 777
2025-01-11 15:04:02,606 - INFO - Added asiakas ID: 778
2025-01-11 15:04:02,606 - INFO - Added asiakas ID: 779
2025-01-11 15:04:02,606 - INFO - Added asiakas ID: 780
2025-01-11 15:04:02,621 - INFO - Added asiakas ID: 781
2025-01-11 15:04:02,623 - INFO - Added asiakas ID: 782
2025-01-11 15:04:02,623 - INFO - Added asiakas ID: 783
2025-01-11 15:04:02,623 - INFO - Added asiakas ID: 784
2025-01-11 15:04:02,623 - INFO - Added asiakas ID: 785
2025-01-11 15:04:02,623 - INFO - Added asiakas ID: 786
2025-01-11 15:04:02,623 - INFO - Added asiakas ID: 787
2025-01-11 15:04:02,639 - INFO - Added asiakas ID: 788
2025-01-11 15:04:02,639 - INFO - Added asiakas ID: 789
2025-01-11 15:04:02,639 - INFO - Added asiakas ID: 790
2025-01-11 15:04:02,639 - INFO - Added asiakas ID: 791
2025-01-11 15:04:02,639 - INFO - Added asiakas ID: 792
2025-01-11 15:04:02,656 - INFO - Added asiakas ID: 793
2025-01-11 15:04:02,656 - INFO - Added asiakas ID: 794
2025-01-11 15:04:02,656 - INFO - Added asiakas ID: 795
2025-01-11 15:04:02,656 - INFO - Added asiakas ID: 796
2025-01-11 15:04:02,656 - INFO - Added asiakas ID: 797
2025-01-11 15:04:02,671 - INFO - Added asiakas ID: 798
2025-01-11 15:04:02,675 - INFO - Added asiakas ID: 799
2025-01-11 15:04:02,675 - INFO - Added asiakas ID: 800
2025-01-11 15:04:02,675 - INFO - Added asiakas ID: 801
2025-01-11 15:04:02,675 - INFO - Added asiakas ID: 802
2025-01-11 15:04:02,675 - INFO - Added asiakas ID: 803
2025-01-11 15:04:02,690 - INFO - Added asiakas ID: 804
2025-01-11 15:04:02,690 - INFO - Added asiakas ID: 805
2025-01-11 15:04:02,690 - INFO - Added asiakas ID: 806
2025-01-11 15:04:02,690 - INFO - Added asiakas ID: 807
2025-01-11 15:04:02,690 - INFO - Added asiakas ID: 808
2025-01-11 15:04:02,706 - INFO - Committed data for asiakkaat. Inserted IDs: [609, 610, 611, 612, 613, 614, 615, 616, 617, 618, 619, 620, 621, 622, 623, 624, 625, 626, 627, 628, 629, 630, 631, 632, 633, 634, 635, 636, 637, 638, 639, 640, 641, 642, 643, 644, 645, 646, 647, 648, 649, 650, 651, 652, 653, 654, 655, 656, 657, 658, 659, 660, 661, 662, 663, 664, 665, 666, 667, 668, 669, 670, 671, 672, 673, 674, 675, 676, 677, 678, 679, 680, 681, 682, 683, 684, 685, 686, 687, 688, 689, 690, 691, 692, 693, 694, 695, 696, 697, 698, 699, 700, 701, 702, 703, 704, 705, 706, 707, 708, 709, 710, 711, 712, 713, 714, 715, 716, 717, 718, 719, 720, 721, 722, 723, 724, 725, 726, 727, 728, 729, 730, 731, 732, 733, 734, 735, 736, 737, 738, 739, 740, 741, 742, 743, 744, 745, 746, 747, 748, 749, 750, 751, 752, 753, 754, 755, 756, 757, 758, 759, 760, 761, 762, 763, 764, 765, 766, 767, 768, 769, 770, 771, 772, 773, 774, 775, 776, 777, 778, 779, 780, 781, 782, 783, 784, 785, 786, 787, 788, 789, 790, 791, 792, 793, 794, 795, 796, 797, 798, 799, 800, 801, 802, 803, 804, 805, 806, 807, 808]
2025-01-11 15:04:02,706 - INFO - All customers in table: [(409, 'Robert Watson', 'james77@example.com', '445.325.5739x5044', '49850 Jones Common\nHamptonchester, NH 16314', datetime.datetime(2023, 10, 5, 0, 0)), (410, 'Cindy Brown', 'keith27@example.net', '491.502.1988x17980', '806 Duncan Centers Apt. 996\nNew Teresatown, PR 72674', datetime.datetime(2020, 2, 3, 0, 0)), (411, 'Amanda Sanders', 'amanda15@example.org', '584.492.2000', '37476 Joann Plaza Apt. 455\nEast Caleb, VA 38538', datetime.datetime(2022, 2, 7, 0, 0)), (412, 'Lauren Solis', 'amyramsey@example.org', '6548019630', 'PSC 1672, Box 2195\nAPO AP 94835', datetime.datetime(2023, 4, 25, 0, 0)), (413, 'Anthony Wolf', 'zwalker@example.com', '645-823-7599x22338', '53663 Julie Brooks Suite 168\nNorth Teresaville, FM 65385', datetime.datetime(2023, 12, 25, 0, 0)), (414, 'Caroline Chandler', 'henry72@example.net', '674-895-9105', '422 Mary Turnpike Suite 596\nNew Tammieport, OH 95169', datetime.datetime(2024, 4, 20, 0, 0)), (415, 'Amanda Moore', 'amandatorres@example.com', '(320)371-3645x75379', '23102 John Field Suite 738\nLake Taylorchester, TN 80983', datetime.datetime(2021, 2, 14, 0, 0)), (416, 'Kenneth Williams', 'drakejennifer@example.net', '(516)661-3899x9038', '349 Simmons Valley\nCummingsshire, NV 85494', datetime.datetime(2023, 8, 23, 0, 0)), (417, 'Meredith Vazquez', 'watkinsmichael@example.com', '001-774-331-5009x755', '873 Todd Lakes\nThomasbury, AR 58998', datetime.datetime(2023, 2, 23, 0, 0)), (418, 'Deborah Leonard', 'bdavis@example.net', '+1-529-308-3606x3418', 'PSC 2828, Box 5195\nAPO AE 26379', datetime.datetime(2023, 10, 28, 0, 0)), (419, 'Jason Williams', 'brian46@example.org', '(843)727-4083x44996', '90494 Benjamin Forest\nStokesborough, WV 79196', datetime.datetime(2022, 7, 30, 0, 0)), (420, 'Betty Wolfe', 'abbottmary@example.com', '287-390-7459x30118', '7379 Harper Glens\nNew Ashley, MH 69591', datetime.datetime(2022, 5, 24, 0, 0)), (421, 'Brandon Ramos', 'dhutchinson@example.com', '593.821.0201x8542', '7394 Watson Tunnel Apt. 603\nErikside, MD 74657', datetime.datetime(2022, 11, 23, 0, 0)), (422, 'Anthony James', 'sweeneywendy@example.net', '769.883.8124x58175', '03594 Jason Villages\nPort Katherineville, WA 86600', datetime.datetime(2022, 10, 17, 0, 0)), (423, 'Jenna Grant', 'howelllaurie@example.net', '001-563-258-7423x425', '5331 Spencer Lock\nJasonhaven, IN 97710', datetime.datetime(2020, 11, 4, 0, 0)), (424, 'Frank Olson', 'jmiller@example.com', '711-336-0291x3821', '90154 Stephenson Viaduct Suite 788\nLyonsbury, SD 41141', datetime.datetime(2025, 1, 7, 0, 0)), (425, 'Kevin Fields', 'dwatkins@example.net', '001-756-486-7073x776', 'USNV Hall\nFPO AA 09776', datetime.datetime(2022, 4, 17, 0, 0)), (426, 'Shannon Thompson', 'henrywinters@example.com', '001-988-617-0930', 'PSC 9851, Box 5112\nAPO AE 76247', datetime.datetime(2023, 5, 5, 0, 0)), (427, 'David Reed', 'michellesnyder@example.com', '958.647.7012x49404', '96645 Hunter Inlet\nTheresachester, NY 60580', datetime.datetime(2021, 5, 17, 0, 0)), (428, 'Jason Williams', 'kmcbride@example.net', '001-762-456-0617x950', '0309 Copeland Well\nDelgadoton, HI 79484', datetime.datetime(2021, 3, 16, 0, 0)), (429, 'Bradley Stevens', 'moorechristina@example.com', '575.401.6184', '38673 Johnson Springs Apt. 516\nJamieside, MI 43531', datetime.datetime(2020, 9, 1, 0, 0)), (430, 'Paige Benjamin', 'ledwards@example.com', '(323)995-7764', 'Unit 5684 Box 5294\nDPO AE 73583', datetime.datetime(2022, 4, 27, 0, 0)), (431, 'Melissa Williams MD', 'santosmary@example.org', '974-845-1289', '2320 Sanchez Curve\nLake Kathrynstad, RI 07837', datetime.datetime(2023, 10, 23, 0, 0)), (432, 'Marcus Alvarez', 'jamie92@example.org', '(716)814-5980', '62683 Andrew Islands\nWagnerfurt, NC 90718', datetime.datetime(2021, 2, 28, 0, 0)), (433, 'Anthony Flores DDS', 'rhonda79@example.com', '808.415.5018x6637', '954 Robertson Lodge\nWest Tracy, NC 59591', datetime.datetime(2022, 11, 10, 0, 0)), (434, 'Danielle Crawford', 'toddstone@example.net', '001-995-341-8020x581', '0628 Murray Road Suite 000\nSouth Glennside, MH 27318', datetime.datetime(2021, 2, 28, 0, 0)), (435, 'Nichole Shannon', 'brent75@example.net', '+1-793-839-4621x685', 'USCGC Leonard\nFPO AA 74738', datetime.datetime(2024, 7, 14, 0, 0)), (436, 'Christina Hayes', 'roy00@example.net', '001-738-516-8492x858', '2562 Gomez Station Suite 763\nMillerport, UT 81796', datetime.datetime(2022, 3, 31, 0, 0)), (437, 'Elizabeth Keller', 'alexandraperez@example.com', '001-631-211-6549x623', '476 Joseph Circle\nHunterside, PA 03616', datetime.datetime(2020, 8, 17, 0, 0)), (438, 'Robert Kelley', 'robert15@example.com', '2967080881', '91337 Cohen Land\nWeberview, ME 05634', datetime.datetime(2023, 9, 8, 0, 0)), (439, 'Colin Martinez', 'mbryan@example.org', '(256)574-1735x37641', '4460 Moyer Crescent\nJenniferville, GU 94819', datetime.datetime(2024, 11, 4, 0, 0)), (440, 'Teresa Pacheco', 'kimberly09@example.com', '2228854804', '36118 Donna Street Suite 636\nSouth Nancy, OK 57544', datetime.datetime(2024, 12, 6, 0, 0)), (441, 'Patrick Stewart', 'valerie94@example.org', '(555)825-1571', '696 Sandra Freeway Apt. 943\nWest Michelle, NV 51472', datetime.datetime(2023, 3, 23, 0, 0)), (442, 'Michael Torres', 'monicawagner@example.org', '001-284-215-0617x611', '5033 Ayala Mews\nSouth James, ME 42740', datetime.datetime(2021, 4, 1, 0, 0)), (443, 'Ian Turner', 'ppope@example.org', '6334512273', 'Unit 9734 Box 3309\nDPO AE 92943', datetime.datetime(2022, 6, 30, 0, 0)), (444, 'Brenda Holmes', 'steelekatie@example.net', '+1-496-691-9810x4757', '3673 Wesley Path Apt. 247\nNorth Andrea, LA 12432', datetime.datetime(2020, 4, 26, 0, 0)), (445, 'Matthew Smith', 'weissholly@example.org', '001-461-932-3596x543', '773 Green Plaza\nPort Krystal, PR 85926', datetime.datetime(2024, 4, 5, 0, 0)), (446, 'Shelly Smith', 'philipmaddox@example.net', '754.435.3940x8569', 'USNS Alexander\nFPO AP 67952', datetime.datetime(2024, 5, 27, 0, 0)), (447, 'Megan Smith', 'thomaspineda@example.org', '489-763-8178', '88295 Morris Lane Suite 079\nPort Jessica, KY 72322', datetime.datetime(2021, 10, 27, 0, 0)), (448, 'Teresa King', 'sonia57@example.com', '486.766.3173x616', '571 Gomez Radial Suite 373\nNew Amy, TN 46895', datetime.datetime(2022, 9, 10, 0, 0)), (449, 'Cody Taylor', 'corey47@example.com', '001-208-334-5475x813', 'Unit 7243 Box 2442\nDPO AE 15123', datetime.datetime(2022, 12, 27, 0, 0)), (450, 'Nicholas Coleman', 'michaeldiaz@example.org', '844.287.6982x465', '532 James Ramp Apt. 972\nMullinsburgh, MT 15656', datetime.datetime(2024, 12, 12, 0, 0)), (451, 'Toni Ramirez', 'nvaughn@example.com', '603.413.6904x033', '82112 Medina Pines Apt. 976\nWrightville, CA 46589', datetime.datetime(2021, 6, 19, 0, 0)), (452, 'Dustin Roach', 'guy40@example.com', '(493)888-2371x68845', 'PSC 0997, Box 4523\nAPO AE 31179', datetime.datetime(2021, 2, 20, 0, 0)), (453, 'Leon Simmons', 'anthony02@example.com', '525.311.4793', '563 Kelsey Passage\nNorth Makayla, AL 61449', datetime.datetime(2020, 10, 19, 0, 0)), (454, 'Kaitlyn Hernandez', 'glendalove@example.com', '(397)584-4228', '4216 Hudson Mountain\nJamesfurt, MO 59522', datetime.datetime(2023, 8, 24, 0, 0)), (455, 'Joshua Ferguson', 'conniemendoza@example.org', '614.520.8244x684', '763 Randolph Forks\nEast Petershire, MN 53653', datetime.datetime(2021, 5, 17, 0, 0)), (456, 'Craig Dixon', 'allenlindsey@example.com', '3179026225', 'PSC 2501, Box 2376\nAPO AA 67571', datetime.datetime(2021, 11, 24, 0, 0)), (457, 'Craig Reyes', 'patelmichael@example.com', '970-262-4063x4873', '03309 Cabrera Mill\nNorth Patricia, DC 78548', datetime.datetime(2024, 7, 8, 0, 0)), (458, 'Victoria Mcintyre', 'bthomas@example.net', '374-903-7918', '3224 Howard Drive Apt. 153\nWalkerberg, MI 39867', datetime.datetime(2020, 5, 13, 0, 0)), (459, 'Neil Short', 'onelson@example.com', '616.571.5654', '8126 Hudson Heights\nEast Melindatown, VI 29023', datetime.datetime(2022, 7, 17, 0, 0)), (460, 'Tanya Smith', 'bfox@example.net', '001-370-522-5348x998', '07522 Ramirez Point Suite 111\nDavidburgh, TN 14598', datetime.datetime(2023, 3, 24, 0, 0)), (461, 'Amanda Hunt', 'reneecarlson@example.net', '951.426.8581x119', '97509 Marsh Canyon Suite 608\nDonnaview, GU 95540', datetime.datetime(2020, 7, 3, 0, 0)), (462, 'Kimberly Armstrong', 'johnstammy@example.net', '764-347-8079x89776', '393 Rachel Pass Suite 758\nPort Kevinport, PR 73813', datetime.datetime(2022, 9, 22, 0, 0)), (463, 'Louis Bradley', 'grahamrichard@example.com', '+1-836-761-5200x341', '4705 Jordan Ways Suite 812\nSouth Anthonyside, SD 44141', datetime.datetime(2022, 1, 4, 0, 0)), (464, 'Lauren Pace', 'bjohnson@example.net', '662-426-0280x625', '642 Clarke Road\nNew Shaunfurt, FL 75330', datetime.datetime(2024, 1, 5, 0, 0)), (465, 'Amy Alexander', 'qsanders@example.net', '440-734-6601', '2282 Jacob Forge Apt. 085\nGrayshire, LA 45136', datetime.datetime(2023, 10, 21, 0, 0)), (466, 'William Miller', 'jeremydavis@example.org', '7038014032', '3595 Gomez Mill\nWest Angelbury, AK 22592', datetime.datetime(2021, 12, 17, 0, 0)), (467, 'Brian Mitchell', 'tgreen@example.org', '(858)391-9082x81286', '27111 Boone Springs Suite 027\nWebstershire, MI 03918', datetime.datetime(2022, 1, 2, 0, 0)), (468, 'Christopher Brown', 'fitzgeraldallison@example.org', '607.217.2355x51978', '46906 Payne Mission Suite 509\nNew Kaylafort, MT 24833', datetime.datetime(2020, 8, 1, 0, 0)), (469, 'Jamie Miller', 'chaneyjeremy@example.org', '6407151990', '4714 Richard Knolls\nTimstad, IN 02934', datetime.datetime(2020, 7, 29, 0, 0)), (470, 'Jennifer Wiggins', 'james92@example.net', '+1-820-226-2669x6071', '6999 Dennis Ramp\nGoodwinview, PW 26879', datetime.datetime(2021, 2, 6, 0, 0)), (471, 'Amanda Brown', 'lynnbowers@example.org', '796.384.6786x021', '21726 Bailey Locks\nSouth Samanthaborough, TN 96467', datetime.datetime(2021, 6, 24, 0, 0)), (472, 'Karl Lucero', 'kathrynlee@example.org', '869.950.6908x5814', '91112 Nelson Plains Suite 322\nMelissaville, HI 40965', datetime.datetime(2021, 9, 27, 0, 0)), (473, 'Louis Diaz', 'margaretkim@example.org', '001-318-274-1549', 'USCGC Bell\nFPO AP 93446', datetime.datetime(2022, 6, 10, 0, 0)), (474, 'Steven Williams', 'mmurphy@example.org', '+1-855-475-9157', '40684 Orozco Forges Suite 150\nBatesberg, VA 70728', datetime.datetime(2023, 3, 30, 0, 0)), (475, 'Adam Collins MD', 'james80@example.com', '498-943-9496x1757', '46923 Sullivan Squares Apt. 832\nNew Ginaville, CA 36475', datetime.datetime(2022, 2, 26, 0, 0)), (476, 'Christopher Young', 'hernandeztammy@example.com', '+1-754-520-6136x277', '81095 Weiss Lock\nSmithton, PW 85107', datetime.datetime(2024, 6, 5, 0, 0)), (477, 'Daniel Perez', 'stewartjohnny@example.com', '7658206201', '809 Miller Plains Suite 889\nTimothyport, MD 48885', datetime.datetime(2023, 6, 3, 0, 0)), (478, 'Alicia Small', 'hdavis@example.net', '(353)951-6745', '349 Kimberly Garden\nLisaberg, ME 82692', datetime.datetime(2021, 11, 3, 0, 0)), (479, 'Cody Lambert', 'hollowayelizabeth@example.net', '+1-892-597-2724', '705 Linda Underpass\nAndersonchester, KS 55914', datetime.datetime(2023, 12, 1, 0, 0)), (480, 'Nicole Spears', 'tylerroberts@example.com', '001-680-986-0047x453', '068 Dylan Bypass\nLake Amanda, MI 74457', datetime.datetime(2020, 1, 16, 0, 0)), (481, 'Ashley Cole', 'taylormisty@example.com', '427.838.6931', '28070 Charles Garden\nWilliamston, IN 13468', datetime.datetime(2022, 8, 3, 0, 0)), (482, 'Erin Arellano', 'melissaharrell@example.org', '001-785-590-5848x365', '96469 Connor Trafficway Apt. 084\nNorth Taraland, AZ 85438', datetime.datetime(2021, 11, 17, 0, 0)), (483, 'Anna Logan', 'ramirezjennifer@example.net', '890.806.4429x8922', '43212 Deborah Crest Suite 994\nRebeccaborough, PW 50516', datetime.datetime(2023, 7, 8, 0, 0)), (484, 'Jacob Lindsey', 'cperez@example.com', '001-439-728-8295x793', '0682 Laura Dale\nArthurchester, MP 57989', datetime.datetime(2021, 7, 1, 0, 0)), (485, 'Justin Walsh', 'nancy53@example.org', '812-886-7597x7412', '0633 Moore Prairie Apt. 730\nNorth Natalie, TX 05266', datetime.datetime(2021, 8, 26, 0, 0)), (486, 'Herbert Alexander', 'newtonbrandy@example.org', '968.458.1979x747', '176 Anthony Station\nConleyburgh, NV 76360', datetime.datetime(2020, 12, 31, 0, 0)), (487, 'Lori Simmons', 'carlsonbrian@example.net', '+1-829-483-2573', '1260 Fox Lock Apt. 599\nNew Karen, PR 94434', datetime.datetime(2021, 4, 28, 0, 0)), (488, 'Lisa Lawrence', 'bridget16@example.net', '(460)230-5854x58785', '775 Mark Gateway\nRachelmouth, OH 48936', datetime.datetime(2021, 12, 13, 0, 0)), (489, 'Tonya Summers', 'grahamteresa@example.org', '+1-809-267-7187x4805', '634 Michael Wells Apt. 001\nLauraton, SD 27556', datetime.datetime(2020, 10, 12, 0, 0)), (490, 'Heather Diaz', 'homaria@example.net', '+1-671-941-6421x5189', '53224 Susan Island Suite 672\nJustinstad, NY 52035', datetime.datetime(2023, 3, 14, 0, 0)), (491, 'Brittany Murphy', 'achavez@example.org', '622-389-6650x1565', '1557 Crystal Squares Apt. 775\nNorth Kelsey, IL 63228', datetime.datetime(2021, 10, 18, 0, 0)), (492, 'Charles Villarreal', 'alexis62@example.net', '(732)971-1982x0726', '33544 Megan Center Apt. 810\nCummingsberg, FL 32459', datetime.datetime(2022, 11, 13, 0, 0)), (493, 'Susan Coffey', 'ruizandrew@example.net', '9297504092', '4448 Townsend Center Apt. 747\nMillerfort, PR 42268', datetime.datetime(2022, 2, 9, 0, 0)), (494, 'Vincent Stevenson', 'michelle43@example.com', '(208)856-6961', '997 Nelson Pike\nSabrinaside, ME 22635', datetime.datetime(2024, 6, 14, 0, 0)), (495, 'Misty Smith', 'jesuslopez@example.com', '8362942504', '562 Hunter Port\nAnthonyshire, OR 53599', datetime.datetime(2024, 6, 8, 0, 0)), (496, 'Thomas Wolfe', 'tday@example.org', '001-630-573-3701', 'Unit 9757 Box 1080\nDPO AP 98850', datetime.datetime(2024, 1, 3, 0, 0)), (497, 'Kristin Lopez', 'cynthia33@example.com', '666-295-0725', '907 Edward Views Suite 373\nPort Sandrastad, AS 46070', datetime.datetime(2021, 7, 1, 0, 0)), (498, 'Douglas Woods', 'spencerodney@example.net', '9806100595', '360 Cristian Brooks\nNew Lisatown, MT 64444', datetime.datetime(2022, 5, 21, 0, 0)), (499, 'Stephanie Pierce', 'alexander84@example.net', '+1-584-950-4982x4799', 'PSC 1291, Box 6260\nAPO AP 34166', datetime.datetime(2023, 2, 8, 0, 0)), (500, 'Lauren Garcia', 'christy66@example.org', '892-964-9257x850', '1960 Hernandez Trafficway Suite 698\nLake Marthachester, VA 57364', datetime.datetime(2024, 12, 7, 0, 0)), (501, 'April Barrett', 'megan94@example.org', '(330)644-3179x500', '518 Smith Port\nAllisonton, NE 61805', datetime.datetime(2020, 1, 31, 0, 0)), (502, 'Michael Rocha', 'annetteking@example.net', '983.377.3999', '3600 Perez Mountains Suite 605\nWest Christophershire, NH 52310', datetime.datetime(2021, 3, 4, 0, 0)), (503, 'Andrea Parker', 'davistiffany@example.net', '(574)282-9093x916', '996 Jensen Port Suite 736\nHernandezberg, PA 71343', datetime.datetime(2021, 10, 4, 0, 0)), (504, 'Anthony Wright', 'vaughncarol@example.com', '(848)896-9967', '9202 Garcia Mall\nNorth Laurachester, DE 08908', datetime.datetime(2021, 10, 12, 0, 0)), (505, 'Mr. Jason Hall', 'lisa98@example.com', '(287)426-3096', '972 Benjamin Cliff\nNorth Lisaside, SD 06868', datetime.datetime(2020, 12, 29, 0, 0)), (506, 'Lisa Boone', 'christopher62@example.org', '001-862-213-0496', '82537 James Freeway\nJeffreyside, MA 14078', datetime.datetime(2022, 3, 12, 0, 0)), (507, 'Martin Walker', 'petersonbrenda@example.net', '001-968-509-2336', '832 Marcia Fall\nJenniferhaven, KS 10067', datetime.datetime(2020, 8, 14, 0, 0)), (508, 'Cindy Hernandez', 'esimmons@example.org', '(608)310-5560', '030 Griffin Greens\nPort Shannonland, MN 28482', datetime.datetime(2020, 11, 13, 0, 0)), (509, 'Thomas Graham', 'michelle55@example.com', '001-358-715-2901x981', 'USS Taylor\nFPO AA 15377', datetime.datetime(2022, 12, 12, 0, 0)), (510, 'Kenneth Rose', 'bethpowell@example.org', '9747505290', 'PSC 7241, Box 1092\nAPO AA 23809', datetime.datetime(2021, 5, 5, 0, 0)), (511, 'Hayden Copeland', 'meganfrost@example.net', '5777769412', '79705 Donna Streets\nPerezview, OK 54222', datetime.datetime(2024, 12, 5, 0, 0)), (512, 'Michelle Lambert', 'douglaspayne@example.org', '001-672-777-5569x814', '503 Timothy Cape Apt. 774\nSouth Kimberly, PR 14893', datetime.datetime(2021, 12, 4, 0, 0)), (513, 'Shane Brandt', 'dawn97@example.net', '562-490-4981', '179 Joshua Ranch Suite 567\nNorth Danielle, WV 94230', datetime.datetime(2021, 5, 30, 0, 0)), (514, 'Benjamin Calhoun', 'kaitlingarrett@example.net', '7858005815', '3908 Reynolds Union\nChristyport, HI 48739', datetime.datetime(2024, 8, 21, 0, 0)), (515, 'Christopher Brown', 'vevans@example.org', '4838911694', 'Unit 8608 Box 4931\nDPO AP 72163', datetime.datetime(2023, 1, 17, 0, 0)), (516, 'Steven Alexander', 'parkerlance@example.net', '513-615-4615x061', '272 Giles Islands Suite 798\nEast Sarah, PR 60712', datetime.datetime(2023, 11, 11, 0, 0)), (517, 'Austin Shah DDS', 'todd45@example.com', '300.902.4209', '46285 Smith Canyon\nNew Christopherborough, GA 38738', datetime.datetime(2023, 10, 19, 0, 0)), (518, 'Amber Dean', 'steeledavid@example.org', '(975)625-9162x07098', '07405 Sherman Unions Suite 105\nMelvinland, MN 48227', datetime.datetime(2023, 6, 19, 0, 0)), (519, 'Holly Gallagher', 'xshea@example.org', '242.664.0473x9900', '5323 Adrienne Rapids Suite 074\nNorth Calvinburgh, NC 57994', datetime.datetime(2021, 1, 30, 0, 0)), (520, 'Charles Floyd', 'samanthagillespie@example.com', '+1-718-258-0301x513', '2218 Jackson Turnpike\nMarkburgh, LA 70555', datetime.datetime(2024, 11, 8, 0, 0)), (521, 'William Allen', 'ryan13@example.com', '001-411-950-8691x706', '705 Robert Shores\nYatesborough, DC 35560', datetime.datetime(2021, 7, 1, 0, 0)), (522, 'Haley Jones', 'nshaw@example.org', '2442768232', '38283 Daniel Meadow\nLake Maria, ID 72083', datetime.datetime(2024, 9, 9, 0, 0)), (523, 'Dylan Mason', 'jessicalopez@example.com', '2459188481', 'USS Alexander\nFPO AA 19435', datetime.datetime(2024, 5, 2, 0, 0)), (524, 'Walter Anderson', 'garygarcia@example.org', '547-238-3421x195', '011 Emily Meadow\nOliviafurt, MI 67726', datetime.datetime(2024, 4, 2, 0, 0)), (525, 'Jacqueline Neal', 'fhall@example.org', '+1-620-759-7222x3615', '36858 Smith Ridge Suite 123\nAndersonfort, MP 13726', datetime.datetime(2021, 2, 8, 0, 0)), (526, 'Theresa Dyer', 'rebecca90@example.com', '001-955-668-9790x479', '0571 Allen Street Suite 775\nDerekburgh, AL 74635', datetime.datetime(2021, 6, 13, 0, 0)), (527, 'Michael Roberts', 'deborahestes@example.net', '869-699-2414x394', '368 Swanson Island\nWest Aprilport, NE 18529', datetime.datetime(2024, 7, 1, 0, 0)), (528, 'Jose Mcmahon', 'jacob15@example.org', '537-658-6908x84517', '04520 Rose Groves Suite 721\nNew Brandon, PA 38008', datetime.datetime(2024, 6, 22, 0, 0)), (529, 'Adam Wilson', 'thomaspadilla@example.com', '230.594.2939x940', 'Unit 5796 Box 7513\nDPO AA 33257', datetime.datetime(2024, 5, 10, 0, 0)), (530, 'Miguel Terrell', 'alexander03@example.com', '(272)297-6051x9514', 'Unit 6243 Box 3303\nDPO AE 60290', datetime.datetime(2024, 8, 22, 0, 0)), (531, 'Jeremy Black', 'dawn92@example.net', '517.462.0324x1097', 'Unit 8585 Box 2721\nDPO AA 13203', datetime.datetime(2022, 1, 10, 0, 0)), (532, 'Nicholas Smith', 'anthonyrobert@example.org', '(636)847-8401x86749', '64580 Tyler Station\nWest Sally, DC 56863', datetime.datetime(2023, 10, 1, 0, 0)), (533, 'John Miller', 'adammaxwell@example.com', '001-528-585-8552x425', '030 Vargas Square\nNorth Matthewport, PR 19834', datetime.datetime(2022, 9, 6, 0, 0)), (534, 'Crystal Stephens', 'fgill@example.org', '456.487.2469', '7163 Terry Heights Apt. 111\nNew Brian, AK 01571', datetime.datetime(2024, 12, 28, 0, 0)), (535, 'Anne Baker', 'kjones@example.org', '(795)285-8308x678', '1894 Herrera Dale\nJamesville, ME 29939', datetime.datetime(2021, 2, 16, 0, 0)), (536, 'Michael Harris', 'amber09@example.org', '3877102182', '364 Anna Station Suite 019\nNorth Aaron, UT 93269', datetime.datetime(2020, 2, 19, 0, 0)), (537, 'Amanda Nolan', 'jenniferdavidson@example.com', '530-833-0243', '1802 Andrew Port Apt. 797\nRobertomouth, MO 07404', datetime.datetime(2023, 6, 20, 0, 0)), (538, 'Chad Davidson', 'katiegeorge@example.org', '(981)432-0327', '327 Robert Lane\nPort Kaylaview, MP 66571', datetime.datetime(2020, 9, 26, 0, 0)), (539, 'Julie Mills', 'brownstephanie@example.org', '338-424-7598x857', '080 Duran Wells\nPort Jenniferton, RI 68886', datetime.datetime(2020, 5, 9, 0, 0)), (540, 'Deborah Barajas', 'hallmaria@example.com', '+1-536-882-5115', '22590 Cummings Bypass Suite 464\nCraigborough, MA 83638', datetime.datetime(2023, 7, 3, 0, 0)), (541, 'Austin Moon', 'beltranmark@example.org', '(257)892-4305x92416', '9360 Jeremy Expressway Suite 162\nMillsberg, OK 74886', datetime.datetime(2024, 9, 28, 0, 0)), (542, 'Russell Kelly', 'christina21@example.org', '001-320-986-0462', '3635 Jennifer Lodge Apt. 956\nLake Cathy, DC 27284', datetime.datetime(2021, 4, 16, 0, 0)), (543, 'Andrea Turner', 'mhoover@example.net', '(630)694-9072', '357 Luna Junctions Suite 640\nSandrastad, ME 16319', datetime.datetime(2023, 8, 12, 0, 0)), (544, 'Tiffany Farmer', 'osanchez@example.com', '4509967135', '8318 Sherry Center Suite 133\nJohnmouth, GA 76408', datetime.datetime(2024, 3, 23, 0, 0)), (545, 'Michael Jones', 'michael37@example.org', '991-903-0496x01597', 'USNS Barnes\nFPO AE 95550', datetime.datetime(2021, 2, 8, 0, 0)), (546, 'Blake Patel', 'spencerdebra@example.net', '285.456.5529', '944 Barton Locks Suite 055\nBaxterstad, IN 15429', datetime.datetime(2024, 10, 25, 0, 0)), (547, 'Brittany Miller', 'lambertmarvin@example.org', '(961)548-5162', '94243 Joseph Gateway Apt. 742\nPort Garyfort, FL 42790', datetime.datetime(2022, 5, 5, 0, 0)), (548, 'Teresa Oneill', 'ldavis@example.com', '(478)974-8685x888', '3663 Sandra Ridge\nEast Morgan, NJ 39409', datetime.datetime(2022, 6, 19, 0, 0)), (549, 'Nathan Coleman', 'wrightnicole@example.com', '001-410-513-8514x692', '3121 Irwin Hollow Suite 748\nNicoleville, AK 89311', datetime.datetime(2021, 8, 30, 0, 0)), (550, 'Shawn Poole', 'edward99@example.net', '5398629500', 'PSC 5490, Box 7855\nAPO AP 96267', datetime.datetime(2024, 7, 13, 0, 0)), (551, 'Daniel Moore', 'bryan80@example.org', '(534)669-3757x8482', '181 Williams Plaza Suite 696\nSouth Alvinmouth, AZ 31206', datetime.datetime(2021, 6, 12, 0, 0)), (552, 'Charles Kirk', 'sally98@example.org', '001-982-336-6342', 'Unit 6994 Box 7700\nDPO AP 97727', datetime.datetime(2022, 6, 24, 0, 0)), (553, 'Rachael Miller', 'espinozatimothy@example.net', '001-681-837-3443x233', '40689 Carolyn Point\nNorth Meredith, OR 29000', datetime.datetime(2020, 7, 12, 0, 0)), (554, 'Rebecca Wright', 'ryan32@example.org', '(753)213-9842x86967', '32960 Edward Coves Apt. 360\nPort Dianaland, KY 04016', datetime.datetime(2021, 2, 20, 0, 0)), (555, 'Bobby Johnson', 'thomasstephanie@example.com', '243.627.0067x248', '57139 Beck Meadows Suite 782\nBarbaraville, AR 15233', datetime.datetime(2022, 12, 13, 0, 0)), (556, 'Steven Wilson', 'brianvargas@example.com', '(268)890-9091', '701 Fields Avenue Apt. 750\nNorth Tanya, NM 44036', datetime.datetime(2024, 4, 8, 0, 0)), (557, 'Stephanie Delgado', 'pbutler@example.net', '(517)947-3427', '02793 Smith Lake Apt. 135\nKurtchester, OK 77581', datetime.datetime(2021, 10, 10, 0, 0)), (558, 'Marissa Hanson', 'ralph14@example.org', '(947)388-7035x879', '26351 Thomas Circle Suite 940\nNorth Emilyland, NH 96788', datetime.datetime(2021, 8, 18, 0, 0)), (559, 'Carlos Spencer', 'fpoole@example.com', '001-729-389-1292x906', '9720 Williams Route Suite 129\nWeaverborough, FL 13214', datetime.datetime(2020, 4, 8, 0, 0)), (560, 'Jamie Harmon', 'smithandrew@example.com', '001-464-673-9219x440', 'USNS Olsen\nFPO AP 54760', datetime.datetime(2022, 1, 1, 0, 0)), (561, 'Gloria White', 'jasonryan@example.net', '001-213-200-3100x019', '218 Sandra Curve Suite 373\nSouth Gabrielle, AZ 07999', datetime.datetime(2024, 6, 20, 0, 0)), (562, 'Tammy Thomas', 'jeffrey35@example.net', '(851)596-8906x9909', '630 Jackson Ranch Apt. 004\nMelindafort, TX 23155', datetime.datetime(2021, 3, 27, 0, 0)), (563, 'Jennifer Tapia', 'robertsjoseph@example.net', '(998)482-6094', '575 Kimberly Manor Apt. 623\nSouth Kyle, ME 72775', datetime.datetime(2022, 6, 1, 0, 0)), (564, 'Caitlin Hamilton', 'palmermargaret@example.org', '+1-260-660-0030x845', '893 Austin Knolls\nNew Richardland, OH 30280', datetime.datetime(2022, 10, 24, 0, 0)), (565, 'Crystal Ford', 'kcolon@example.org', '+1-701-470-1410x8363', '1635 Harris Ports Apt. 740\nRobinsonhaven, LA 69173', datetime.datetime(2020, 1, 23, 0, 0)), (566, 'Luke Bailey', 'jamesroberts@example.org', '(524)339-0696x6552', 'USNS Gomez\nFPO AP 13486', datetime.datetime(2024, 1, 2, 0, 0)), (567, 'Stephen Bowen', 'bwilliams@example.net', '001-266-898-7256x443', '78252 Hayes Mission Apt. 629\nPort Eric, NJ 41228', datetime.datetime(2020, 2, 2, 0, 0)), (568, 'Taylor Rivera', 'williamgonzalez@example.com', '713-416-5426', '026 Jackson Place Apt. 905\nPatriciamouth, FL 15345', datetime.datetime(2023, 3, 11, 0, 0)), (569, 'Melissa Hart', 'ltaylor@example.net', '001-506-285-5879x415', 'PSC 9227, Box 8418\nAPO AE 46357', datetime.datetime(2023, 4, 13, 0, 0)), (570, 'Debra West', 'elizabeth99@example.org', '3869943357', '004 James Trafficway Apt. 860\nLake Ashley, MT 78937', datetime.datetime(2020, 10, 12, 0, 0)), (571, 'Michael Garza', 'oturner@example.org', '001-233-699-7340', '2869 Richmond Vista Apt. 026\nRogersstad, NH 75924', datetime.datetime(2020, 8, 10, 0, 0)), (572, 'Aaron Williams', 'paulbrown@example.com', '3348135821', '9855 William Spring\nWest Kristinatown, LA 37780', datetime.datetime(2022, 11, 11, 0, 0)), (573, 'Catherine Ramos', 'ypowell@example.net', '569-549-5043', '413 Oliver Cliff Apt. 296\nSouth Joanna, MS 83357', datetime.datetime(2023, 9, 21, 0, 0)), (574, 'Jennifer Wright', 'martinandrea@example.com', '(737)807-5139', '9107 Baker Keys\nRichardsmouth, NM 21038', datetime.datetime(2022, 8, 21, 0, 0)), (575, 'Laura Jacobson MD', 'campbellmario@example.com', '001-719-413-4653', 'PSC 7301, Box 1739\nAPO AE 39874', datetime.datetime(2024, 12, 4, 0, 0)), (576, 'Edward Watson', 'denisebrowning@example.org', '5569460232', '928 Owens Square Apt. 751\nNorth Holly, KY 76656', datetime.datetime(2020, 10, 5, 0, 0)), (577, 'Jacob Martin', 'joelgarrett@example.net', '916.634.7241x2301', 'USS Lawson\nFPO AE 73016', datetime.datetime(2022, 12, 18, 0, 0)), (578, 'Darryl Jones', 'ericvega@example.com', '+1-564-757-2021x397', '1077 Gonzalez Walks\nPaulbury, WV 30642', datetime.datetime(2023, 3, 9, 0, 0)), (579, 'Amber Gray', 'mollypratt@example.com', '+1-900-639-3329x8902', '663 Kristie Tunnel\nLeonardview, MN 55691', datetime.datetime(2020, 12, 1, 0, 0)), (580, 'Madison Marsh', 'mooremorgan@example.com', '001-339-578-6223', '690 Salazar Well\nPort Yvonneside, MH 20234', datetime.datetime(2023, 1, 6, 0, 0)), (581, 'Ronald York', 'josephmann@example.net', '499.467.0754', 'Unit 2955 Box 6031\nDPO AA 20393', datetime.datetime(2020, 3, 7, 0, 0)), (582, 'Jacob Webb', 'michael70@example.org', '001-583-879-9241x379', '04190 Benjamin Summit Apt. 871\nDustinport, PA 72566', datetime.datetime(2024, 4, 24, 0, 0)), (583, 'Luis Cortez', 'dianewatts@example.org', '(574)227-0247x154', '095 Danielle Plain\nWest Angelatown, VA 28153', datetime.datetime(2020, 3, 24, 0, 0)), (584, 'John Vasquez', 'steven55@example.com', '917-701-4316', '8834 Savage Pike\nRobertberg, DE 62500', datetime.datetime(2023, 10, 25, 0, 0)), (585, 'Rebecca Baldwin', 'rachelbennett@example.org', '2626002086', '46150 Williams Skyway\nJessicamouth, UT 20008', datetime.datetime(2023, 11, 29, 0, 0)), (586, 'Elaine David', 'beverly89@example.com', '(334)327-9256', 'USS Ruiz\nFPO AP 45586', datetime.datetime(2023, 9, 16, 0, 0)), (587, 'Jennifer Nash', 'youngmark@example.net', '(289)598-4884', '716 French Ville Suite 188\nSouth Jessicatown, KS 91528', datetime.datetime(2023, 6, 20, 0, 0)), (588, 'Craig Tate', 'wheelerariana@example.com', '001-482-498-2577', '537 Dean Mountain Suite 635\nElizabethview, VI 07667', datetime.datetime(2020, 3, 18, 0, 0)), (589, 'Victoria Martinez', 'crystal99@example.net', '001-817-246-3502x621', '04685 Michelle Coves Apt. 277\nWest Lauramouth, WI 45788', datetime.datetime(2022, 4, 20, 0, 0)), (590, 'David Tyler', 'cookdavid@example.net', '4204229347', '1903 Joyce Wells Suite 532\nNorth Ryan, ID 10871', datetime.datetime(2024, 3, 23, 0, 0)), (591, 'Thomas Ford', 'shawgregory@example.com', '474-245-6066', '2054 Laura Cape Apt. 776\nGreenville, WI 36363', datetime.datetime(2021, 10, 2, 0, 0)), (592, 'Elizabeth Larsen', 'danieljones@example.com', '(857)355-9282x4219', '8526 Craig Gardens Suite 186\nEast Luke, NJ 37159', datetime.datetime(2021, 10, 23, 0, 0)), (593, 'Kyle Calhoun', 'falexander@example.net', '(520)365-8278x883', '5581 Jones Place\nEast Michael, PA 17250', datetime.datetime(2023, 9, 25, 0, 0)), (594, 'Lindsay Wright', 'johncortez@example.net', '+1-938-347-3833x771', '56971 Michelle Orchard Suite 743\nSouth Kellytown, IL 18194', datetime.datetime(2020, 1, 7, 0, 0)), (595, 'John Alexander', 'chanjonathan@example.com', '434.574.8909', '923 Preston Fields Suite 867\nBryanport, MD 19973', datetime.datetime(2021, 6, 9, 0, 0)), (596, 'Jacqueline Cummings MD', 'georgerachel@example.org', '+1-413-907-4410x9176', 'PSC 9620, Box 3739\nAPO AP 68250', datetime.datetime(2021, 4, 13, 0, 0)), (597, 'Deanna Jones', 'haynesnathan@example.net', '(955)335-5366x855', '07947 Chavez Drives Suite 533\nCooperfurt, VT 89105', datetime.datetime(2022, 5, 12, 0, 0)), (598, 'Tammy Watkins', 'adamsnicholas@example.com', '983-715-9362x5949', 'PSC 0326, Box 5022\nAPO AA 14442', datetime.datetime(2021, 6, 27, 0, 0)), (599, 'Bryan Stewart', 'ryanhill@example.net', '835.319.5196x2514', '089 Cruz Fork\nLake Raven, IA 82239', datetime.datetime(2024, 1, 16, 0, 0)), (600, 'Jeffrey White', 'charles12@example.net', '4608461572', '2606 Tammy Corner Suite 135\nRodriguezport, GA 39366', datetime.datetime(2020, 9, 21, 0, 0)), (601, 'Scott Ferguson', 'williamsholly@example.net', '+1-886-913-0712', '038 Thomas Skyway Apt. 263\nCartermouth, NC 17602', datetime.datetime(2022, 5, 19, 0, 0)), (602, 'Amy Daniels', 'brandon55@example.org', '+1-468-998-2720x2260', '53799 Garcia Curve\nNew Carmenshire, LA 96817', datetime.datetime(2022, 1, 3, 0, 0)), (603, 'Brett Malone', 'ninaflores@example.org', '2464817633', '07992 Michael Lock\nSouth Deborah, NE 56215', datetime.datetime(2023, 4, 7, 0, 0)), (604, 'Shelby Larsen', 'wrightdaniel@example.org', '(201)926-3663', '3686 Murray Mission Suite 990\nTeresamouth, NH 91239', datetime.datetime(2024, 1, 30, 0, 0)), (605, 'Daniel Ruiz', 'carol35@example.org', '+1-717-818-1545', '2666 Foster Spur\nPaulborough, TX 66294', datetime.datetime(2023, 8, 10, 0, 0)), (606, 'Mr. Cole Price', 'diane83@example.com', '299-554-2176', '4516 Drake Mountains\nWest John, OK 58538', datetime.datetime(2022, 10, 25, 0, 0)), (607, 'Denise Lucas', 'cmitchell@example.net', '306.606.9429x3441', '8304 Jennifer Islands Suite 677\nLake Jaredton, DC 83990', datetime.datetime(2022, 12, 10, 0, 0)), (608, 'Zachary Rich', 'charles83@example.org', '200.434.5591x745', '365 Kristopher Fields\nLake Jessicamouth, VT 84950', datetime.datetime(2024, 3, 14, 0, 0)), (609, 'Jeffrey Smith', 'rodriguezpatricia@example.com', '6596194758', '438 Myers Mountains Suite 886\nDanielbury, MT 38051', datetime.datetime(2024, 2, 7, 0, 0)), (610, 'Victoria Thompson', 'cgates@example.com', '001-547-638-2411', '9583 Reginald Keys Apt. 447\nKatrinaton, MS 68645', datetime.datetime(2022, 1, 1, 0, 0)), (611, 'Michael Howell', 'woodjonathan@example.org', '554-523-1020x3619', '28875 Stephanie Crest Apt. 013\nEast Michael, MP 12396', datetime.datetime(2021, 8, 26, 0, 0)), (612, 'Jason King', 'katierobinson@example.com', '582-486-1917', '9414 Howard Expressway Suite 219\nWest Davidburgh, SD 32295', datetime.datetime(2023, 9, 21, 0, 0)), (613, 'Eric Harris', 'alvarezautumn@example.net', '001-241-680-7942x501', '03291 Anna Way\nGeorgeside, ME 96983', datetime.datetime(2022, 11, 4, 0, 0)), (614, 'Autumn Jones', 'davidsonpamela@example.org', '287-994-5190', 'PSC 0679, Box 4424\nAPO AP 39164', datetime.datetime(2023, 11, 24, 0, 0)), (615, 'Marilyn Brown', 'paguilar@example.net', '001-511-557-3222', '90317 Soto Freeway Suite 744\nBethanyport, AS 76156', datetime.datetime(2022, 3, 21, 0, 0)), (616, 'Lydia Williams', 'normanmartin@example.org', '449-326-7149x4623', '191 White Course Suite 367\nThomasview, VA 95464', datetime.datetime(2022, 5, 17, 0, 0)), (617, 'Janet Washington', 'chelseanunez@example.com', '001-604-909-3464x240', '7074 Raven Fort\nWest Richard, CT 68082', datetime.datetime(2021, 6, 28, 0, 0)), (618, 'Adriana Sullivan', 'awashington@example.net', '487-898-0126x6408', '8261 Gomez Islands Suite 747\nWest Alejandro, NJ 96145', datetime.datetime(2020, 12, 11, 0, 0)), (619, 'Deborah Moore', 'riverakelly@example.com', '001-417-777-8196x055', 'USCGC Evans\nFPO AP 87656', datetime.datetime(2023, 7, 12, 0, 0)), (620, 'Patrick Wagner', 'sherryclark@example.com', '705-282-7674', '483 Chandler Grove Suite 758\nHansenport, MH 96917', datetime.datetime(2023, 10, 13, 0, 0)), (621, 'Erik Swanson', 'lirussell@example.org', '001-450-694-4041x373', '732 Stephanie Turnpike Suite 362\nSouth Anneburgh, MA 35228', datetime.datetime(2021, 7, 3, 0, 0)), (622, 'Stephanie Tate', 'wadedebra@example.com', '968-714-2797x5682', 'PSC 8013, Box 8395\nAPO AA 06481', datetime.datetime(2020, 11, 4, 0, 0)), (623, 'Andrew Kelly', 'randy07@example.org', '512-567-3282x047', '6091 Brown Islands\nDavistown, MA 88696', datetime.datetime(2021, 2, 10, 0, 0)), (624, 'Michele Gates', 'pjones@example.com', '+1-435-970-0574x245', '76264 Ford View\nVeronicaberg, CA 99736', datetime.datetime(2024, 8, 24, 0, 0)), (625, 'Justin Cortez', 'vstephens@example.org', '253-846-4512', '80455 Ferguson Course\nVanessaview, IA 21178', datetime.datetime(2020, 9, 19, 0, 0)), (626, 'Alexander Edwards', 'tinaclark@example.org', '363.847.7113x280', '2657 Harmon Mews Apt. 923\nLake Becky, DE 83800', datetime.datetime(2024, 9, 12, 0, 0)), (627, 'Ashley Larson', 'eric12@example.net', '+1-404-732-0660x1455', 'PSC 0758, Box 7578\nAPO AE 42603', datetime.datetime(2023, 3, 8, 0, 0)), (628, 'Emily Bailey', 'jasoncox@example.net', '(702)465-3011x81669', '650 Brandt Isle Suite 457\nNorth Aprilville, ID 95749', datetime.datetime(2020, 12, 7, 0, 0)), (629, 'Adam Robinson', 'eugene52@example.net', '9587714071', 'USNV Fox\nFPO AA 45507', datetime.datetime(2022, 4, 26, 0, 0)), (630, 'Dennis Sanchez', 'mark42@example.com', '+1-922-632-1064x5121', '0251 Bishop Land\nNew Jenniferbury, NY 22513', datetime.datetime(2023, 6, 14, 0, 0)), (631, 'Marc Porter', 'dbecker@example.com', '001-804-773-0792x415', '08290 Miranda Wells Suite 083\nWest Albert, KS 70052', datetime.datetime(2023, 5, 17, 0, 0)), (632, 'Robert Lopez', 'ipollard@example.net', '+1-228-870-1242x459', 'PSC 1725, Box 7292\nAPO AE 21752', datetime.datetime(2020, 6, 20, 0, 0)), (633, 'Tim Wood', 'clinton66@example.com', '+1-386-910-8906x519', 'PSC 3171, Box 9104\nAPO AE 06423', datetime.datetime(2021, 6, 4, 0, 0)), (634, 'David Riley', 'briggsjessica@example.com', '(777)980-8140', 'USS Jones\nFPO AP 99775', datetime.datetime(2021, 5, 20, 0, 0)), (635, 'Alex Wright', 'johnrogers@example.org', '397.367.6452x9965', '266 Andrews Flats\nPort Sherry, OK 55003', datetime.datetime(2023, 2, 22, 0, 0)), (636, 'Andrea Khan', 'sotonatalie@example.org', '(320)742-9525', '065 Ashley Union\nDeanberg, DE 16707', datetime.datetime(2022, 12, 8, 0, 0)), (637, 'Scott Myers', 'jennifer51@example.net', '001-277-922-4869x624', '38190 Brian Squares\nNorth Amanda, ND 12749', datetime.datetime(2023, 1, 26, 0, 0)), (638, 'William Novak', 'douglaslewis@example.com', '001-393-781-0000', '8033 Erin Grove\nRyanhaven, NY 82547', datetime.datetime(2023, 8, 8, 0, 0)), (639, 'Brittany Wagner', 'davidgonzalez@example.net', '(324)254-4691', '975 James Bridge\nWest Kenneth, FM 95035', datetime.datetime(2020, 1, 3, 0, 0)), (640, 'Matthew Bryan', 'scott36@example.org', '529-958-7095x7993', '34545 Andrea Island Apt. 730\nMooreville, NH 18591', datetime.datetime(2024, 2, 26, 0, 0)), (641, 'William Martin', 'pgarcia@example.net', '(424)331-0755', '576 David Summit Suite 924\nPort Jose, FM 35096', datetime.datetime(2021, 12, 30, 0, 0)), (642, 'Karen Jones', 'johncoleman@example.org', '617-408-9162x410', 'PSC 8415, Box 0662\nAPO AE 55686', datetime.datetime(2020, 8, 19, 0, 0)), (643, 'Michael Smith', 'hedwards@example.org', '(242)972-8803', '05474 Robert Unions Apt. 609\nSmithshire, PA 01444', datetime.datetime(2024, 11, 26, 0, 0)), (644, 'Yolanda Lawrence', 'jweiss@example.net', '617-629-2872', '38614 Whitney Corners\nPort Bradley, DC 60793', datetime.datetime(2020, 12, 27, 0, 0)), (645, 'Elizabeth Duncan', 'dbrooks@example.com', '675.204.4518', '002 Turner Green\nGuerreroshire, VA 16393', datetime.datetime(2022, 1, 11, 0, 0)), (646, 'Tracy Blackwell', 'vgreen@example.net', '+1-417-375-7626', '98078 Stout Hills\nLake Emmabury, TN 05434', datetime.datetime(2023, 12, 16, 0, 0)), (647, 'Cynthia Hunter', 'ymitchell@example.com', '001-408-273-4992x347', '365 James Drive\nGarrettborough, NH 85016', datetime.datetime(2021, 9, 19, 0, 0)), (648, 'Matthew Gonzalez', 'amcconnell@example.org', '001-522-361-5774x151', '08608 Karen Shore Apt. 913\nSouth Erik, GU 71649', datetime.datetime(2020, 2, 11, 0, 0)), (649, 'Joseph Brown', 'gerald76@example.com', '947-498-6889x517', 'USNS Miller\nFPO AE 07470', datetime.datetime(2024, 10, 6, 0, 0)), (650, 'Max Reese', 'pwilliams@example.com', '+1-605-235-9768x689', '2139 Scott Mountains Suite 373\nAmandastad, LA 80277', datetime.datetime(2023, 10, 16, 0, 0)), (651, 'Ryan Moreno', 'starkpatricia@example.com', '713-205-5799x16660', '93410 Malone Greens Suite 744\nRebeccaberg, PR 41453', datetime.datetime(2020, 6, 14, 0, 0)), (652, 'Brittany Wiley', 'bobby97@example.com', '+1-342-959-0757x6995', '29682 Travis Inlet\nNew Cheryl, CA 26494', datetime.datetime(2020, 11, 13, 0, 0)), (653, 'Amy Cummings', 'arthur50@example.net', '664-861-0815x8871', '99304 Christopher Crescent Apt. 492\nPort Rogerfort, RI 04196', datetime.datetime(2020, 3, 29, 0, 0)), (654, 'Shawn Perry', 'hudsonmatthew@example.net', '(514)586-8621', '4142 Walker Inlet\nChandlerview, LA 48699', datetime.datetime(2022, 10, 30, 0, 0)), (655, 'Patrick Pacheco', 'dbarnes@example.net', '(974)367-5545x143', '5693 Rachel Terrace Suite 899\nLake Jennifer, OR 45016', datetime.datetime(2021, 12, 6, 0, 0)), (656, 'Michael Dean', 'theresa40@example.net', '(598)630-9749', '98861 Bradshaw Islands\nWest Jessica, MD 91654', datetime.datetime(2022, 3, 26, 0, 0)), (657, 'Mario Hopkins', 'erindavis@example.com', '001-841-322-6279', '3893 Estrada Gardens\nPort Leslie, UT 06875', datetime.datetime(2020, 6, 13, 0, 0)), (658, 'Lori Newman', 'fosterkevin@example.net', '(878)563-0174x93620', '10732 Patricia Prairie Apt. 430\nJohnsonland, PW 43042', datetime.datetime(2022, 2, 17, 0, 0)), (659, 'Nicole Bryant', 'jeffrey92@example.com', '+1-738-892-7677x820', '06041 Kathleen Shore Suite 185\nStoneville, AL 32512', datetime.datetime(2024, 7, 10, 0, 0)), (660, 'Ian Howard', 'heather66@example.com', '+1-727-727-5552', 'USNS Owen\nFPO AP 21862', datetime.datetime(2023, 12, 23, 0, 0)), (661, 'Katherine Wilson', 'kyle13@example.net', '(964)489-0685x4069', '28430 Kiara Estate Apt. 610\nWagnershire, NH 48467', datetime.datetime(2022, 4, 11, 0, 0)), (662, 'Billy Bennett', 'suttonraymond@example.com', '(285)713-2081x857', '975 Foster Haven Apt. 146\nBradshawfurt, DE 93898', datetime.datetime(2023, 3, 19, 0, 0)), (663, 'Aaron Brown', 'christopherroberts@example.net', '673-783-2543x9757', '41612 Linda Row\nVictorialand, AR 46775', datetime.datetime(2020, 8, 21, 0, 0)), (664, 'Amanda Wells', 'lauren26@example.com', '(833)222-4090', '9448 Jones Square Suite 519\nEast Karenchester, OH 20533', datetime.datetime(2024, 10, 27, 0, 0)), (665, 'Kimberly Williams', 'ymoore@example.net', '5253818530', '513 Robert Garden Apt. 523\nPort Deborah, ID 44781', datetime.datetime(2022, 11, 10, 0, 0)), (666, 'Darrell Cruz', 'jennifer17@example.com', '001-936-254-2445', '93605 Tina Point Apt. 657\nOchoaton, NE 08059', datetime.datetime(2021, 12, 24, 0, 0)), (667, 'Mary Martinez', 'jessicahowe@example.org', '978-909-2783x83575', '419 Hanson Brook\nWest Walterton, ME 89705', datetime.datetime(2020, 5, 14, 0, 0)), (668, 'Autumn Jefferson', 'hernandezsusan@example.net', '+1-639-415-6999', '204 Solis Grove\nDavidton, DE 45838', datetime.datetime(2020, 12, 4, 0, 0)), (669, 'Christopher Beltran', 'debra44@example.org', '625-500-6717x1339', '721 Lewis Shoal Suite 122\nPort Patricia, WV 99875', datetime.datetime(2021, 6, 5, 0, 0)), (670, 'Jennifer Wagner', 'judy37@example.net', '001-351-989-2680x219', '47518 Franklin Wall\nMichaelton, AR 20198', datetime.datetime(2023, 3, 30, 0, 0)), (671, 'Amy Abbott', 'harpercynthia@example.net', '(236)916-6494x357', '943 Khan Parkway\nSouth Ericborough, AS 92239', datetime.datetime(2023, 3, 4, 0, 0)), (672, 'Stefanie Whitney', 'danielle84@example.net', '+1-870-334-4449', '81093 Thomas Estate\nJacquelineshire, WV 83658', datetime.datetime(2022, 5, 28, 0, 0)), (673, 'Eric Alvarez', 'wlowery@example.com', '+1-984-420-1555x5852', '6339 Susan Isle\nLake Tyler, IA 56656', datetime.datetime(2021, 11, 20, 0, 0)), (674, 'Heather Velazquez', 'pgibson@example.net', '(598)319-9647x4317', '11753 Mckenzie Row\nWest Jennifer, MH 99351', datetime.datetime(2024, 8, 29, 0, 0)), (675, 'Karen Patrick', 'haley37@example.com', '2795379235', '7037 Martin Parkways\nAnthonyside, PA 36015', datetime.datetime(2024, 12, 3, 0, 0)), (676, 'Ronald Moore', 'brandi46@example.net', '471.753.0400', '33492 Nancy Stream\nEast James, MI 11883', datetime.datetime(2020, 3, 14, 0, 0)), (677, 'Yolanda Bell', 'csmith@example.net', '+1-299-308-3597', '5575 Pena Meadows Apt. 172\nPort Crystal, VA 72691', datetime.datetime(2024, 11, 22, 0, 0)), (678, 'Adrienne Smith', 'fernandezashley@example.net', '684-639-1590x2305', '28834 Gardner Harbor Suite 554\nErinberg, GA 20202', datetime.datetime(2020, 4, 20, 0, 0)), (679, 'Amanda Nichols', 'kaylagarcia@example.net', '+1-951-565-8825x8327', '2961 Wall Alley\nWest Julia, AZ 72587', datetime.datetime(2024, 6, 8, 0, 0)), (680, 'Sabrina Stuart', 'brownkevin@example.org', '312.420.1916', '2945 Romero Common\nLake Kari, MN 45455', datetime.datetime(2023, 1, 1, 0, 0)), (681, 'Christy Williams', 'hannah16@example.net', '272.424.2319', '537 Williams Expressway\nEast Joshuabury, CA 96789', datetime.datetime(2021, 7, 9, 0, 0)), (682, 'Kevin Trujillo', 'thaynes@example.org', '(510)778-6229', '899 Adam Meadow Apt. 662\nSouth Lukehaven, VI 80236', datetime.datetime(2022, 5, 22, 0, 0)), (683, 'Caitlyn Vega', 'fkemp@example.net', '001-909-986-3688x437', '7402 Smith Port Suite 835\nAllenside, CO 99923', datetime.datetime(2021, 10, 12, 0, 0)), (684, 'Adrian Heath', 'wlopez@example.com', '907-537-2808x84063', 'Unit 7047 Box 5661\nDPO AP 05901', datetime.datetime(2022, 5, 12, 0, 0)), (685, 'Sara Roberts', 'shannon73@example.net', '604.393.6443x53332', '368 Armstrong Circle\nPenamouth, MT 12502', datetime.datetime(2022, 7, 23, 0, 0)), (686, 'Julia Foster', 'xlee@example.org', '(508)446-6248x18254', '91768 Schaefer Centers\nAndersonport, NC 09805', datetime.datetime(2020, 7, 9, 0, 0)), (687, 'Rhonda Hawkins', 'carl54@example.org', '(746)570-4083', '6647 Compton Summit Apt. 493\nWest Kimberlybury, IA 54007', datetime.datetime(2020, 3, 17, 0, 0)), (688, 'Kimberly Hunt', 'cmarks@example.org', '(382)856-3174x671', '52196 Timothy Forest\nHicksfort, MP 50803', datetime.datetime(2023, 9, 2, 0, 0)), (689, 'Kendra Skinner', 'ngarrett@example.com', '728.819.1789', 'Unit 4242 Box 9275\nDPO AA 96517', datetime.datetime(2022, 8, 25, 0, 0)), (690, 'Nicholas Hart', 'lisa99@example.org', '624.940.0881x15348', '257 Dean Path\nNorth Tyronebury, WV 77914', datetime.datetime(2023, 10, 3, 0, 0)), (691, 'Ricky Greene', 'martinjacob@example.com', '282.537.1669x3489', 'USCGC Shaw\nFPO AP 34331', datetime.datetime(2020, 11, 20, 0, 0)), (692, 'James Williams', 'michaelcarr@example.net', '416.489.4482x010', '00196 Carol Walk Suite 363\nPort Kellyburgh, MT 96457', datetime.datetime(2024, 9, 7, 0, 0)), (693, 'Lori Holt', 'samantharodriguez@example.com', '263-929-9691x7860', '991 Little Land\nAnthonyland, VT 64878', datetime.datetime(2020, 3, 20, 0, 0)), (694, 'Laurie Morton', 'james11@example.org', '4254006101', '6081 Anderson Points\nCassandraport, PR 75221', datetime.datetime(2024, 10, 1, 0, 0)), (695, 'Gregory Andersen', 'tinamartinez@example.com', '001-875-266-4266x266', 'Unit 6883 Box 6278\nDPO AA 65401', datetime.datetime(2021, 3, 20, 0, 0)), (696, 'Benjamin Barnett', 'smithseth@example.com', '308-299-1924x3888', '7759 Peggy Road\nNorth Chelsea, NE 59457', datetime.datetime(2023, 12, 13, 0, 0)), (697, 'Megan Gonzalez', 'shannonbutler@example.com', '884-238-0471x1750', '030 Adam Union\nPattersonview, OK 77004', datetime.datetime(2022, 4, 1, 0, 0)), (698, 'Kelly Lee', 'gilbert75@example.org', '(257)319-9890x4962', '7957 Rachel Isle Apt. 169\nEast Matthewland, KS 75695', datetime.datetime(2024, 5, 20, 0, 0)), (699, 'Scott Johnson', 'anthonywood@example.net', '294.858.2979', '273 Silva Falls\nLake Davidton, GU 25832', datetime.datetime(2020, 8, 25, 0, 0)), (700, 'Andrew Singh', 'buckleyjustin@example.com', '893.443.9673x373', '9164 Rachael Fall Apt. 215\nNew Brianafort, SD 34404', datetime.datetime(2022, 5, 31, 0, 0)), (701, 'Katherine Evans', 'anthony06@example.com', '(971)736-0495x66100', '601 Lawrence Curve Apt. 863\nNorth Ericaborough, MI 53072', datetime.datetime(2021, 2, 8, 0, 0)), (702, 'Tony Young', 'ramosrebecca@example.com', '001-861-534-1205', 'USNS Wheeler\nFPO AE 45695', datetime.datetime(2020, 6, 26, 0, 0)), (703, 'Robert Roberson', 'barbararogers@example.org', '606.247.4668', '456 Connor Orchard\nNorth Matthewhaven, WA 10476', datetime.datetime(2022, 9, 17, 0, 0)), (704, 'Mrs. Angel Mcdonald MD', 'edgarrogers@example.org', '327-289-3500', '08570 Cox Harbors Apt. 867\nNew Melissa, AL 24055', datetime.datetime(2023, 12, 31, 0, 0)), (705, 'Aaron Howard', 'kelly57@example.com', '(344)638-2654', '703 Jennifer Bypass\nWest Lisa, IA 62226', datetime.datetime(2021, 12, 7, 0, 0)), (706, 'Mary Russell', 'kristen90@example.com', '001-507-658-6996', '18873 Joseph Ranch Suite 247\nLake Larry, PA 17534', datetime.datetime(2024, 1, 12, 0, 0)), (707, 'Michael Curry', 'xdavis@example.net', '+1-770-741-7046x540', '879 Michael Estate Apt. 771\nEast Janet, DE 60259', datetime.datetime(2021, 10, 7, 0, 0)), (708, 'Shelby Roberts', 'dawnbanks@example.org', '415.978.8244x28351', 'USNV Cabrera\nFPO AP 60174', datetime.datetime(2022, 5, 2, 0, 0)), (709, 'Tracy Grant', 'marthasmith@example.net', '(364)493-3242x652', '6552 Lewis Inlet Apt. 191\nNew Lisaside, PW 42538', datetime.datetime(2023, 8, 29, 0, 0)), (710, 'Megan Davis', 'brownrose@example.org', '7965756187', '12873 Misty Lane Suite 780\nNorth Sarahtown, HI 98441', datetime.datetime(2021, 1, 15, 0, 0)), (711, 'Dr. Arthur West PhD', 'craigadams@example.com', '(859)559-5532', '43878 Jennifer Forest\nPort Barry, WY 84545', datetime.datetime(2021, 12, 17, 0, 0)), (712, 'Lisa West', 'felicia42@example.com', '+1-309-215-2783x5678', '87502 Douglas Manors\nLake Abigail, OR 26728', datetime.datetime(2023, 7, 27, 0, 0)), (713, 'Eric Coffey', 'brooksmary@example.com', '(770)582-7514x2133', '343 Amy Meadows Apt. 651\nGibbsview, RI 17646', datetime.datetime(2023, 4, 1, 0, 0)), (714, 'Christopher Anderson', 'steven04@example.org', '+1-965-713-2265x5097', '931 Peterson Union\nRicebury, IA 31608', datetime.datetime(2023, 1, 9, 0, 0)), (715, 'Anita Delgado', 'josephmarshall@example.net', '265.930.6030', '14911 White Isle\nEast Lisa, ID 13567', datetime.datetime(2023, 5, 22, 0, 0)), (716, 'Cameron Shelton', 'crystal35@example.com', '(935)534-9297', '2429 Pitts Views Suite 708\nBrandonstad, CA 63697', datetime.datetime(2021, 5, 19, 0, 0)), (717, 'Joe Taylor', 'aaronflores@example.com', '774.615.0118', '383 Williamson Centers Suite 738\nWest Peter, VA 10953', datetime.datetime(2020, 4, 14, 0, 0)), (718, 'Kenneth Ford', 'ericwashington@example.net', '001-976-594-2348x540', '1858 Carpenter Haven Apt. 698\nSouth Laurie, NH 66613', datetime.datetime(2023, 10, 22, 0, 0)), (719, 'Steven Barron', 'jennifer67@example.net', '001-589-803-0865', '99908 Mahoney Gateway\nMontoyachester, KY 93291', datetime.datetime(2020, 9, 9, 0, 0)), (720, 'Kimberly Perez', 'kathy33@example.com', '001-516-736-1491x596', '711 Luna Burg\nJoneston, CO 53239', datetime.datetime(2024, 10, 19, 0, 0)), (721, 'Ricardo Brooks', 'joelong@example.org', '455.895.3058', '705 Marsh Locks Suite 363\nJenniferfort, ND 65202', datetime.datetime(2021, 4, 14, 0, 0)), (722, 'Ashley Gibson', 'haydenwalker@example.net', '001-277-814-8199', '55189 Strickland Brook\nGibsonview, WA 64032', datetime.datetime(2021, 11, 13, 0, 0)), (723, 'Ashley Mcneil', 'jennifermarquez@example.org', '265-882-2901', '36901 Garcia Course\nLarsonshire, VI 38063', datetime.datetime(2022, 5, 24, 0, 0)), (724, 'Dr. Cynthia Miller', 'john54@example.com', '9527513520', '2358 Rubio Loaf\nNorth Janiceville, FL 65229', datetime.datetime(2022, 3, 3, 0, 0)), (725, 'Zachary Ortiz', 'craigcollins@example.net', '(284)220-8896x4794', '59884 Sheila Flats\nNorth Christina, RI 08573', datetime.datetime(2024, 5, 9, 0, 0)), (726, 'Nathan Walls', 'vcoleman@example.net', '722.815.9906x8282', '87506 Murray Mountain\nSouth Brianchester, DE 15311', datetime.datetime(2024, 7, 3, 0, 0)), (727, 'Lisa Nunez', 'bailey23@example.org', '4635230051', '0388 Brittany Turnpike\nNew Stephanie, MA 30975', datetime.datetime(2020, 8, 23, 0, 0)), (728, 'Joshua Mcneil', 'gcantu@example.org', '986-254-8572', 'Unit 5788 Box 9344\nDPO AP 08094', datetime.datetime(2023, 8, 31, 0, 0)), (729, 'Allison Perry', 'heather75@example.net', '+1-863-223-4983x4850', 'USS Parsons\nFPO AP 96756', datetime.datetime(2024, 6, 16, 0, 0)), (730, 'Kimberly Flores', 'apowell@example.net', '001-345-866-4566x280', '29957 Smith Park Apt. 595\nBrownhaven, IA 47403', datetime.datetime(2022, 2, 27, 0, 0)), (731, 'Jay Brown', 'guy88@example.net', '001-902-450-1679x058', 'USNS Roman\nFPO AA 76042', datetime.datetime(2023, 11, 2, 0, 0)), (732, 'Johnathan Rivera', 'nicole22@example.com', '618.992.5150', 'PSC 0960, Box 7341\nAPO AE 72114', datetime.datetime(2020, 5, 30, 0, 0)), (733, 'Kristin Harrison', 'brucejoseph@example.net', '381.658.0845x305', '75301 Johnson Track Apt. 358\nBridgesborough, GA 77941', datetime.datetime(2024, 10, 21, 0, 0)), (734, 'Vanessa Daniels', 'charles74@example.net', '+1-413-616-7266x1018', '1440 Kathleen Parks Suite 485\nWest Coreyborough, MI 23279', datetime.datetime(2021, 2, 11, 0, 0)), (735, 'Stacy Brown', 'kellymoore@example.com', '836.904.7294', '6206 Thomas Dam Apt. 786\nHaynesfort, GU 79865', datetime.datetime(2025, 1, 5, 0, 0)), (736, 'Ryan Smith', 'greenangela@example.org', '6389251610', '4066 Regina Oval\nTaylorchester, GA 13884', datetime.datetime(2024, 7, 29, 0, 0)), (737, 'Melissa Gutierrez', 'gibsoncaroline@example.com', '8519887301', '187 Nicole Tunnel Apt. 104\nSouth Marie, UT 98442', datetime.datetime(2023, 1, 23, 0, 0)), (738, 'Bobby Williams', 'christophermelendez@example.org', '232.510.7813x029', '1102 Smith Crescent Suite 284\nMoniquemouth, AS 53678', datetime.datetime(2020, 3, 29, 0, 0)), (739, 'Thomas Morris', 'simmonshannah@example.org', '633.480.7658', '542 Rebekah Station\nFoxborough, IN 34000', datetime.datetime(2022, 5, 12, 0, 0)), (740, 'Kaitlin Collier', 'jthompson@example.org', '+1-610-418-3841', '6949 Ashley Rapid Apt. 107\nLake Melanieshire, WV 51449', datetime.datetime(2022, 3, 9, 0, 0)), (741, 'Troy Thomas', 'victoria37@example.com', '+1-980-490-4009x9481', '7675 Park Extensions\nHunterfort, PW 36419', datetime.datetime(2022, 6, 7, 0, 0)), (742, 'Eric Harris', 'carolinenelson@example.com', '928.820.4509', '315 Schaefer Ports Suite 899\nPort Sharontown, MD 87404', datetime.datetime(2021, 1, 15, 0, 0)), (743, 'Dr. Sabrina Nichols DDS', 'clintonmyers@example.net', '879.701.5639x22634', '497 Denise Burgs\nTamaraville, MO 52560', datetime.datetime(2022, 5, 9, 0, 0)), (744, 'Jodi Thomas', 'ashleydennis@example.com', '997-331-8402x158', '933 Brandon Knoll\nEast Melissaview, VI 44915', datetime.datetime(2021, 4, 23, 0, 0)), (745, 'James Ware', 'hahndennis@example.org', '904.816.2235x3161', '396 Walters Glens\nRosaleschester, FM 76074', datetime.datetime(2020, 9, 23, 0, 0)), (746, 'Kristen Bradley', 'rossjanice@example.org', '502.681.5321x6317', '942 Green Village\nNew Susan, CO 28849', datetime.datetime(2024, 4, 9, 0, 0)), (747, 'Thomas Brown', 'jamierobles@example.com', '371.320.7970x347', '1579 Jake Curve Suite 208\nLake Jamesstad, MO 35647', datetime.datetime(2020, 6, 19, 0, 0)), (748, 'Samantha Sanchez', 'annafleming@example.org', '001-596-226-5988x006', '0904 Collins Road Suite 404\nNixonberg, MD 91726', datetime.datetime(2021, 11, 22, 0, 0)), (749, 'Misty Osborne', 'jeffreyhudson@example.org', '898.986.9433x8127', '4336 Brady Village\nTiffanyberg, IN 82262', datetime.datetime(2020, 5, 22, 0, 0)), (750, 'Donald Beard', 'brittneydunn@example.net', '(307)376-0193', '999 Brian Stravenue\nNew Crystal, IN 73249', datetime.datetime(2021, 9, 26, 0, 0)), (751, 'Pamela Matthews', 'summerskelli@example.com', '+1-615-945-2725x327', '0275 Hatfield Union Apt. 520\nChristopherside, ID 15037', datetime.datetime(2023, 3, 10, 0, 0)), (752, 'Betty Taylor', 'anthony04@example.com', '922.205.8859', '273 William Turnpike Apt. 054\nJessicabury, NC 62893', datetime.datetime(2022, 11, 29, 0, 0)), (753, 'Samantha Miller', 'samanthawilson@example.org', '001-467-265-5313x498', '8847 Taylor Knoll Suite 139\nLake Jennifer, PW 61454', datetime.datetime(2022, 2, 15, 0, 0)), (754, 'Mr. Daniel Smith DDS', 'davisdouglas@example.org', '7659450894', '2328 Samantha Street\nPort Laura, ID 25339', datetime.datetime(2023, 8, 5, 0, 0)), (755, 'Dakota Pham', 'timothy07@example.net', '001-625-510-6219', '7226 Lori Ways Suite 756\nDanielview, DE 25012', datetime.datetime(2021, 9, 10, 0, 0)), (756, 'Sara Bautista', 'oburgess@example.org', '995.285.8779x45125', 'PSC 5275, Box 7351\nAPO AP 88732', datetime.datetime(2020, 10, 17, 0, 0)), (757, 'David Lawrence', 'elliottkimberly@example.org', '+1-810-502-5490x310', '747 Sanchez Skyway\nNorth Ericton, IL 71781', datetime.datetime(2024, 4, 8, 0, 0)), (758, 'Amanda White', 'taylor68@example.net', '206.286.3733', '9286 Angela Road Suite 363\nAndrewview, SC 51674', datetime.datetime(2021, 9, 15, 0, 0)), (759, 'Sean Hanna', 'lanesamantha@example.com', '(475)517-7846x0712', '64297 Nunez Prairie Apt. 256\nNew Keith, WV 83808', datetime.datetime(2023, 2, 18, 0, 0)), (760, 'Cindy Mercer', 'vhughes@example.net', '259.472.0394', '94529 Ingram Motorway Suite 131\nDoylemouth, TN 98765', datetime.datetime(2020, 7, 9, 0, 0)), (761, 'Emily Turner', 'jamesross@example.org', '(787)899-4608x616', '152 Deborah Turnpike\nPort Cassie, AL 51861', datetime.datetime(2023, 3, 12, 0, 0)), (762, 'Alice Jones', 'jenniferreyes@example.net', '(304)504-2627', '35236 Gibson Terrace\nCombsborough, MD 74288', datetime.datetime(2022, 6, 1, 0, 0)), (763, 'Justin Hobbs', 'lorrainedaniels@example.net', '637.557.6520', '668 Singleton Square Suite 588\nPort Bethany, ND 92077', datetime.datetime(2024, 6, 26, 0, 0)), (764, 'Brenda Mcdowell', 'jamesmartin@example.org', '001-709-590-5168x663', '741 Amanda Expressway Suite 552\nNorth Jessica, NY 70110', datetime.datetime(2020, 2, 24, 0, 0)), (765, 'Sheena Anderson', 'lisa67@example.org', '(542)854-1679', '5511 Johnson Burg\nSouth Frank, WV 25699', datetime.datetime(2022, 8, 21, 0, 0)), (766, 'Ashley Hamilton', 'kylehutchinson@example.com', '580.385.0449x700', '1847 Vincent Circles Suite 826\nSouth Dustin, NY 28426', datetime.datetime(2024, 6, 9, 0, 0)), (767, 'Nicolas Gutierrez', 'craig41@example.org', '532-226-1996', '1753 Sutton Estates Apt. 488\nSouth Michael, TX 68548', datetime.datetime(2022, 5, 5, 0, 0)), (768, 'Rachel Ewing', 'david75@example.net', '+1-228-371-5853x6254', '35370 George River Apt. 075\nLake Pennystad, VT 68659', datetime.datetime(2023, 7, 5, 0, 0)), (769, 'Adam Guerra', 'diaztracy@example.net', '672-718-2524', '663 Daniels Stream Suite 466\nMitchellton, PA 90002', datetime.datetime(2024, 5, 4, 0, 0)), (770, 'Alicia Parker', 'jenniferroy@example.net', '+1-848-703-6338x8149', '3170 Rose Avenue Apt. 845\nSouth Elizabeth, KY 59872', datetime.datetime(2023, 6, 19, 0, 0)), (771, 'Joshua Fletcher', 'brianobrien@example.com', '7173620212', '6859 Cory Port Suite 162\nLeahstad, ME 97451', datetime.datetime(2022, 6, 15, 0, 0)), (772, 'Jillian Carter', 'cosborne@example.net', '265.350.1920', '492 Theresa Parks\nNew Christopher, OH 48608', datetime.datetime(2023, 4, 21, 0, 0)), (773, 'Angela Jones', 'adam37@example.org', '+1-457-778-6313x3579', '616 Ashley Expressway\nWest Molly, WY 27878', datetime.datetime(2021, 7, 10, 0, 0)), (774, 'Caroline Burnett', 'mark31@example.net', '+1-374-811-3143x7350', '714 Parker Divide\nNew Debra, ND 55190', datetime.datetime(2021, 7, 21, 0, 0)), (775, 'Angela Chan', 'gary27@example.net', '540-407-7277x6217', '51569 Jill Mews Suite 385\nTaylorborough, GU 11076', datetime.datetime(2024, 3, 13, 0, 0)), (776, 'Benjamin Owens', 'ugriffin@example.net', '7113512565', '8398 Fernandez Fords Apt. 681\nWilkinstown, NH 91861', datetime.datetime(2023, 7, 7, 0, 0)), (777, 'Amanda Douglas', 'michaelcampbell@example.com', '(927)661-4558x695', '90629 West Gardens Suite 712\nWest Seanview, MA 24646', datetime.datetime(2020, 3, 16, 0, 0)), (778, 'Richard Franco', 'bondnathaniel@example.com', '(625)917-0653x64149', '62892 Lisa Knoll\nWest Christopher, LA 91351', datetime.datetime(2021, 5, 8, 0, 0)), (779, 'James Vazquez', 'marco57@example.net', '502-793-4890', '167 Kirby Park Apt. 954\nArthurshire, AS 64313', datetime.datetime(2023, 2, 19, 0, 0)), (780, 'Andrea Dunlap', 'wesley95@example.com', '735.256.0552', '01382 Brian Forest Suite 452\nDominguezburgh, OH 47254', datetime.datetime(2021, 10, 4, 0, 0)), (781, 'Amy Mendez', 'steven49@example.net', '001-275-371-7900x139', '513 Smith Spurs Suite 819\nNorth Joshua, MA 08440', datetime.datetime(2020, 7, 30, 0, 0)), (782, 'Joseph Garcia', 'lwilliams@example.com', '+1-499-401-1095x2292', '191 Cook Prairie Suite 285\nLake Tasha, VI 95841', datetime.datetime(2023, 9, 9, 0, 0)), (783, 'Glenn Baxter', 'frank92@example.net', '792.467.4645', 'PSC 9516, Box 8889\nAPO AE 71220', datetime.datetime(2023, 6, 29, 0, 0)), (784, 'Lance Willis', 'nicholasstuart@example.net', '690-761-1177x31929', '21728 Olivia Canyon\nPort Sarah, MH 03579', datetime.datetime(2024, 12, 11, 0, 0)), (785, 'Vincent Morris', 'snyderandrew@example.com', '281.932.2442', '0100 Brewer Corner\nEast Allisonfort, CA 83303', datetime.datetime(2024, 7, 6, 0, 0)), (786, 'Sheila Moreno', 'alexanderhaynes@example.net', '503-990-8023', '906 John Track Suite 769\nErinport, WV 37170', datetime.datetime(2023, 4, 20, 0, 0)), (787, 'Kaitlin Leonard', 'bateschristina@example.net', '(631)900-0000', 'USNS Mathews\nFPO AP 54253', datetime.datetime(2022, 12, 9, 0, 0)), (788, 'Jessica Lang', 'mperez@example.org', '+1-977-468-4760x9425', '2716 William Camp Apt. 015\nShawnmouth, AR 88170', datetime.datetime(2024, 12, 21, 0, 0)), (789, 'Brandon Gonzalez', 'ericagraham@example.com', '974-889-9570x13384', '7439 Wilson Spur Apt. 919\nMonicaside, OR 12560', datetime.datetime(2021, 2, 11, 0, 0)), (790, 'Robert Swanson', 'colonvickie@example.net', '(579)697-2991x609', '58964 Paul Dale\nSchmittborough, KY 48231', datetime.datetime(2021, 7, 12, 0, 0)), (791, 'Jessica Powell', 'thomaspatricia@example.com', '(834)809-9321x77296', '91819 Fletcher Grove\nEast Brian, NE 60306', datetime.datetime(2021, 1, 27, 0, 0)), (792, 'Dr. Frank Becker DDS', 'anthony29@example.org', '281-942-0959x74787', '459 Jeffrey Knoll Apt. 850\nRobyntown, MN 72957', datetime.datetime(2020, 8, 30, 0, 0)), (793, 'Sharon Vaughn', 'gloriajohnson@example.org', '(856)915-6994', '348 Thomas Plaza\nPort Jaimeborough, NC 79406', datetime.datetime(2023, 12, 15, 0, 0)), (794, 'Jasmine Barnes', 'chavezpenny@example.com', '(792)580-0074x160', '03256 Hardin Drive\nErikside, MT 27019', datetime.datetime(2022, 11, 8, 0, 0)), (795, 'Sharon Mcknight', 'jcampbell@example.net', '001-950-509-5788x978', '594 Elliott Motorway Apt. 013\nNew Annaberg, NH 62566', datetime.datetime(2023, 11, 25, 0, 0)), (796, 'Adam Cole', 'brookebennett@example.net', '001-836-775-0666', '2508 Salinas Ramp Apt. 426\nBarronchester, VT 97692', datetime.datetime(2021, 10, 14, 0, 0)), (797, 'Justin Castaneda', 'ecoffey@example.net', '(794)314-3706x70767', '655 Hayes Way\nRhondaland, SC 45689', datetime.datetime(2024, 4, 25, 0, 0)), (798, 'Tiffany Diaz', 'ojimenez@example.com', '001-223-780-9760x317', '51689 Ball Estate\nNorth Natalieview, GA 68680', datetime.datetime(2020, 6, 7, 0, 0)), (799, 'Cameron Harvey', 'tony55@example.com', '(334)868-9313', '4300 Cunningham Station\nSouth Coreyside, NJ 69716', datetime.datetime(2021, 6, 18, 0, 0)), (800, 'Elizabeth Dixon', 'dlawson@example.org', '842.996.1944', '548 Ann Canyon\nWrightmouth, GA 98151', datetime.datetime(2021, 10, 29, 0, 0)), (801, 'Glenn Friedman', 'xdavid@example.net', '917.436.7337x1687', 'Unit 8593 Box 7188\nDPO AE 93626', datetime.datetime(2023, 7, 2, 0, 0)), (802, 'David Garcia', 'weisswilliam@example.com', '916-905-6025x6458', '2656 Fuller Prairie\nGinafurt, OK 13330', datetime.datetime(2022, 5, 29, 0, 0)), (803, 'Teresa Ford', 'qwilliams@example.com', '(996)531-7151', '4809 Smith Bypass\nParsonshaven, NJ 85914', datetime.datetime(2020, 2, 19, 0, 0)), (804, 'Melinda Griffith', 'kathryn05@example.net', '+1-860-226-8689x4638', 'Unit 0333 Box 2290\nDPO AP 63125', datetime.datetime(2022, 9, 16, 0, 0)), (805, 'Shane Nelson', 'ddrake@example.com', '(492)710-5709x867', '734 Hinton Ferry Suite 918\nPhilipburgh, MA 41202', datetime.datetime(2024, 3, 21, 0, 0)), (806, 'Alexander Briggs', 'mccallvictor@example.org', '(918)375-5764x86652', '5802 Martinez Rue Apt. 762\nLake Robertland, NV 69432', datetime.datetime(2023, 10, 1, 0, 0)), (807, 'Austin Smith', 'jlarson@example.net', '001-269-649-6568x712', '696 Green Way Apt. 611\nWest Steven, SD 42572', datetime.datetime(2021, 8, 30, 0, 0)), (808, 'Dwayne Sellers', 'muellershelby@example.org', '+1-863-922-4488x9008', '88315 Acevedo Islands\nSamanthahaven, MH 55949', datetime.datetime(2024, 8, 22, 0, 0))]
2025-01-11 15:04:02,706 - INFO - Generating data for tilaukset...
2025-01-11 15:04:02,722 - INFO - Added tilaus for asiakas ID: 677
2025-01-11 15:04:02,723 - INFO - Added tilaus for asiakas ID: 789
2025-01-11 15:04:02,723 - INFO - Added tilaus for asiakas ID: 734
2025-01-11 15:04:02,723 - INFO - Added tilaus for asiakas ID: 769
2025-01-11 15:04:02,723 - INFO - Added tilaus for asiakas ID: 733
2025-01-11 15:04:02,723 - INFO - Added tilaus for asiakas ID: 644
2025-01-11 15:04:02,723 - INFO - Added tilaus for asiakas ID: 721
2025-01-11 15:04:02,723 - INFO - Added tilaus for asiakas ID: 776
2025-01-11 15:04:02,738 - INFO - Added tilaus for asiakas ID: 753
2025-01-11 15:04:02,740 - INFO - Added tilaus for asiakas ID: 767
2025-01-11 15:04:02,740 - INFO - Added tilaus for asiakas ID: 612
2025-01-11 15:04:02,740 - INFO - Added tilaus for asiakas ID: 801
2025-01-11 15:04:02,740 - INFO - Added tilaus for asiakas ID: 731
2025-01-11 15:04:02,740 - INFO - Added tilaus for asiakas ID: 734
2025-01-11 15:04:02,740 - INFO - Added tilaus for asiakas ID: 663
2025-01-11 15:04:02,740 - INFO - Added tilaus for asiakas ID: 699
2025-01-11 15:04:02,740 - INFO - Added tilaus for asiakas ID: 672
2025-01-11 15:04:02,756 - INFO - Added tilaus for asiakas ID: 645
2025-01-11 15:04:02,756 - INFO - Added tilaus for asiakas ID: 788
2025-01-11 15:04:02,756 - INFO - Added tilaus for asiakas ID: 628
2025-01-11 15:04:02,756 - INFO - Added tilaus for asiakas ID: 674
2025-01-11 15:04:02,756 - INFO - Added tilaus for asiakas ID: 725
2025-01-11 15:04:02,756 - INFO - Added tilaus for asiakas ID: 726
2025-01-11 15:04:02,756 - INFO - Added tilaus for asiakas ID: 792
2025-01-11 15:04:02,756 - INFO - Added tilaus for asiakas ID: 656
2025-01-11 15:04:02,772 - INFO - Added tilaus for asiakas ID: 662
2025-01-11 15:04:02,773 - INFO - Added tilaus for asiakas ID: 770
2025-01-11 15:04:02,773 - INFO - Added tilaus for asiakas ID: 771
2025-01-11 15:04:02,773 - INFO - Added tilaus for asiakas ID: 802
2025-01-11 15:04:02,773 - INFO - Added tilaus for asiakas ID: 719
2025-01-11 15:04:02,773 - INFO - Added tilaus for asiakas ID: 761
2025-01-11 15:04:02,773 - INFO - Added tilaus for asiakas ID: 652
2025-01-11 15:04:02,773 - INFO - Added tilaus for asiakas ID: 794
2025-01-11 15:04:02,773 - INFO - Added tilaus for asiakas ID: 729
2025-01-11 15:04:02,790 - INFO - Added tilaus for asiakas ID: 681
2025-01-11 15:04:02,790 - INFO - Added tilaus for asiakas ID: 796
2025-01-11 15:04:02,790 - INFO - Added tilaus for asiakas ID: 710
2025-01-11 15:04:02,790 - INFO - Added tilaus for asiakas ID: 703
2025-01-11 15:04:02,790 - INFO - Added tilaus for asiakas ID: 749
2025-01-11 15:04:02,790 - INFO - Added tilaus for asiakas ID: 609
2025-01-11 15:04:02,790 - INFO - Added tilaus for asiakas ID: 708
2025-01-11 15:04:02,790 - INFO - Added tilaus for asiakas ID: 758
2025-01-11 15:04:02,805 - INFO - Added tilaus for asiakas ID: 771
2025-01-11 15:04:02,806 - INFO - Added tilaus for asiakas ID: 686
2025-01-11 15:04:02,806 - INFO - Added tilaus for asiakas ID: 637
2025-01-11 15:04:02,806 - INFO - Added tilaus for asiakas ID: 632
2025-01-11 15:04:02,806 - INFO - Added tilaus for asiakas ID: 743
2025-01-11 15:04:02,806 - INFO - Added tilaus for asiakas ID: 731
2025-01-11 15:04:02,806 - INFO - Added tilaus for asiakas ID: 754
2025-01-11 15:04:02,806 - INFO - Added tilaus for asiakas ID: 747
2025-01-11 15:04:02,806 - INFO - Added tilaus for asiakas ID: 807
2025-01-11 15:04:02,823 - INFO - Added tilaus for asiakas ID: 627
2025-01-11 15:04:02,823 - INFO - Added tilaus for asiakas ID: 727
2025-01-11 15:04:02,823 - INFO - Added tilaus for asiakas ID: 658
2025-01-11 15:04:02,823 - INFO - Added tilaus for asiakas ID: 652
2025-01-11 15:04:02,823 - INFO - Added tilaus for asiakas ID: 724
2025-01-11 15:04:02,823 - INFO - Added tilaus for asiakas ID: 756
2025-01-11 15:04:02,823 - INFO - Added tilaus for asiakas ID: 707
2025-01-11 15:04:02,823 - INFO - Added tilaus for asiakas ID: 769
2025-01-11 15:04:02,823 - INFO - Added tilaus for asiakas ID: 672
2025-01-11 15:04:02,840 - INFO - Added tilaus for asiakas ID: 652
2025-01-11 15:04:02,840 - INFO - Added tilaus for asiakas ID: 629
2025-01-11 15:04:02,840 - INFO - Added tilaus for asiakas ID: 610
2025-01-11 15:04:02,840 - INFO - Added tilaus for asiakas ID: 623
2025-01-11 15:04:02,840 - INFO - Added tilaus for asiakas ID: 617
2025-01-11 15:04:02,840 - INFO - Added tilaus for asiakas ID: 703
2025-01-11 15:04:02,840 - INFO - Added tilaus for asiakas ID: 610
2025-01-11 15:04:02,840 - INFO - Added tilaus for asiakas ID: 727
2025-01-11 15:04:02,840 - INFO - Added tilaus for asiakas ID: 700
2025-01-11 15:04:02,856 - INFO - Added tilaus for asiakas ID: 635
2025-01-11 15:04:02,856 - INFO - Added tilaus for asiakas ID: 777
2025-01-11 15:04:02,856 - INFO - Added tilaus for asiakas ID: 668
2025-01-11 15:04:02,856 - INFO - Added tilaus for asiakas ID: 722
2025-01-11 15:04:02,856 - INFO - Added tilaus for asiakas ID: 609
2025-01-11 15:04:02,856 - INFO - Added tilaus for asiakas ID: 737
2025-01-11 15:04:02,856 - INFO - Added tilaus for asiakas ID: 708
2025-01-11 15:04:02,856 - INFO - Added tilaus for asiakas ID: 680
2025-01-11 15:04:02,856 - INFO - Added tilaus for asiakas ID: 715
2025-01-11 15:04:02,872 - INFO - Added tilaus for asiakas ID: 744
2025-01-11 15:04:02,872 - INFO - Added tilaus for asiakas ID: 643
2025-01-11 15:04:02,872 - INFO - Added tilaus for asiakas ID: 803
2025-01-11 15:04:02,872 - INFO - Added tilaus for asiakas ID: 647
2025-01-11 15:04:02,872 - INFO - Added tilaus for asiakas ID: 802
2025-01-11 15:04:02,872 - INFO - Added tilaus for asiakas ID: 780
2025-01-11 15:04:02,872 - INFO - Added tilaus for asiakas ID: 765
2025-01-11 15:04:02,872 - INFO - Added tilaus for asiakas ID: 792
2025-01-11 15:04:02,872 - INFO - Added tilaus for asiakas ID: 679
2025-01-11 15:04:02,888 - INFO - Added tilaus for asiakas ID: 763
2025-01-11 15:04:02,889 - INFO - Added tilaus for asiakas ID: 784
2025-01-11 15:04:02,889 - INFO - Added tilaus for asiakas ID: 764
2025-01-11 15:04:02,889 - INFO - Added tilaus for asiakas ID: 778
2025-01-11 15:04:02,889 - INFO - Added tilaus for asiakas ID: 771
2025-01-11 15:04:02,889 - INFO - Added tilaus for asiakas ID: 783
2025-01-11 15:04:02,889 - INFO - Added tilaus for asiakas ID: 776
2025-01-11 15:04:02,889 - INFO - Added tilaus for asiakas ID: 672
2025-01-11 15:04:02,889 - INFO - Added tilaus for asiakas ID: 711
2025-01-11 15:04:02,906 - INFO - Added tilaus for asiakas ID: 770
2025-01-11 15:04:02,907 - INFO - Added tilaus for asiakas ID: 723
2025-01-11 15:04:02,907 - INFO - Added tilaus for asiakas ID: 715
2025-01-11 15:04:02,907 - INFO - Added tilaus for asiakas ID: 754
2025-01-11 15:04:02,907 - INFO - Added tilaus for asiakas ID: 757
2025-01-11 15:04:02,907 - INFO - Added tilaus for asiakas ID: 781
2025-01-11 15:04:02,907 - INFO - Added tilaus for asiakas ID: 619
2025-01-11 15:04:02,907 - INFO - Added tilaus for asiakas ID: 657
2025-01-11 15:04:02,922 - INFO - Added tilaus for asiakas ID: 694
2025-01-11 15:04:02,922 - INFO - Added tilaus for asiakas ID: 653
2025-01-11 15:04:02,922 - INFO - Added tilaus for asiakas ID: 724
2025-01-11 15:04:02,922 - INFO - Added tilaus for asiakas ID: 642
2025-01-11 15:04:02,922 - INFO - Added tilaus for asiakas ID: 689
2025-01-11 15:04:02,922 - INFO - Added tilaus for asiakas ID: 709
2025-01-11 15:04:02,922 - INFO - Added tilaus for asiakas ID: 700
2025-01-11 15:04:02,922 - INFO - Added tilaus for asiakas ID: 772
2025-01-11 15:04:02,922 - INFO - Added tilaus for asiakas ID: 704
2025-01-11 15:04:02,937 - INFO - Added tilaus for asiakas ID: 730
2025-01-11 15:04:02,940 - INFO - Added tilaus for asiakas ID: 612
2025-01-11 15:04:02,940 - INFO - Added tilaus for asiakas ID: 613
2025-01-11 15:04:02,940 - INFO - Added tilaus for asiakas ID: 655
2025-01-11 15:04:02,940 - INFO - Added tilaus for asiakas ID: 678
2025-01-11 15:04:02,940 - INFO - Added tilaus for asiakas ID: 630
2025-01-11 15:04:02,940 - INFO - Added tilaus for asiakas ID: 609
2025-01-11 15:04:02,940 - INFO - Added tilaus for asiakas ID: 734
2025-01-11 15:04:02,940 - INFO - Added tilaus for asiakas ID: 770
2025-01-11 15:04:02,940 - INFO - Added tilaus for asiakas ID: 683
2025-01-11 15:04:02,956 - INFO - Added tilaus for asiakas ID: 780
2025-01-11 15:04:02,956 - INFO - Added tilaus for asiakas ID: 661
2025-01-11 15:04:02,956 - INFO - Added tilaus for asiakas ID: 659
2025-01-11 15:04:02,956 - INFO - Added tilaus for asiakas ID: 749
2025-01-11 15:04:02,956 - INFO - Added tilaus for asiakas ID: 802
2025-01-11 15:04:02,956 - INFO - Added tilaus for asiakas ID: 664
2025-01-11 15:04:02,956 - INFO - Added tilaus for asiakas ID: 787
2025-01-11 15:04:02,956 - INFO - Added tilaus for asiakas ID: 683
2025-01-11 15:04:02,956 - INFO - Added tilaus for asiakas ID: 777
2025-01-11 15:04:02,972 - INFO - Added tilaus for asiakas ID: 807
2025-01-11 15:04:02,973 - INFO - Added tilaus for asiakas ID: 716
2025-01-11 15:04:02,973 - INFO - Added tilaus for asiakas ID: 794
2025-01-11 15:04:02,973 - INFO - Added tilaus for asiakas ID: 762
2025-01-11 15:04:02,973 - INFO - Added tilaus for asiakas ID: 695
2025-01-11 15:04:02,973 - INFO - Added tilaus for asiakas ID: 685
2025-01-11 15:04:02,973 - INFO - Added tilaus for asiakas ID: 651
2025-01-11 15:04:02,973 - INFO - Added tilaus for asiakas ID: 789
2025-01-11 15:04:02,990 - INFO - Added tilaus for asiakas ID: 740
2025-01-11 15:04:02,990 - INFO - Added tilaus for asiakas ID: 679
2025-01-11 15:04:02,990 - INFO - Added tilaus for asiakas ID: 617
2025-01-11 15:04:02,990 - INFO - Added tilaus for asiakas ID: 768
2025-01-11 15:04:02,990 - INFO - Added tilaus for asiakas ID: 771
2025-01-11 15:04:02,990 - INFO - Added tilaus for asiakas ID: 616
2025-01-11 15:04:02,990 - INFO - Added tilaus for asiakas ID: 793
2025-01-11 15:04:03,005 - INFO - Added tilaus for asiakas ID: 778
2025-01-11 15:04:03,006 - INFO - Added tilaus for asiakas ID: 659
2025-01-11 15:04:03,006 - INFO - Added tilaus for asiakas ID: 622
2025-01-11 15:04:03,006 - INFO - Added tilaus for asiakas ID: 753
2025-01-11 15:04:03,006 - INFO - Added tilaus for asiakas ID: 796
2025-01-11 15:04:03,006 - INFO - Added tilaus for asiakas ID: 725
2025-01-11 15:04:03,006 - INFO - Added tilaus for asiakas ID: 702
2025-01-11 15:04:03,006 - INFO - Added tilaus for asiakas ID: 665
2025-01-11 15:04:03,023 - INFO - Added tilaus for asiakas ID: 744
2025-01-11 15:04:03,023 - INFO - Added tilaus for asiakas ID: 666
2025-01-11 15:04:03,023 - INFO - Added tilaus for asiakas ID: 751
2025-01-11 15:04:03,023 - INFO - Added tilaus for asiakas ID: 610
2025-01-11 15:04:03,023 - INFO - Added tilaus for asiakas ID: 655
2025-01-11 15:04:03,023 - INFO - Added tilaus for asiakas ID: 732
2025-01-11 15:04:03,023 - INFO - Added tilaus for asiakas ID: 762
2025-01-11 15:04:03,023 - INFO - Added tilaus for asiakas ID: 670
2025-01-11 15:04:03,023 - INFO - Added tilaus for asiakas ID: 777
2025-01-11 15:04:03,038 - INFO - Added tilaus for asiakas ID: 784
2025-01-11 15:04:03,040 - INFO - Added tilaus for asiakas ID: 730
2025-01-11 15:04:03,040 - INFO - Added tilaus for asiakas ID: 611
2025-01-11 15:04:03,040 - INFO - Added tilaus for asiakas ID: 692
2025-01-11 15:04:03,040 - INFO - Added tilaus for asiakas ID: 641
2025-01-11 15:04:03,040 - INFO - Added tilaus for asiakas ID: 682
2025-01-11 15:04:03,040 - INFO - Added tilaus for asiakas ID: 719
2025-01-11 15:04:03,040 - INFO - Added tilaus for asiakas ID: 675
2025-01-11 15:04:03,040 - INFO - Added tilaus for asiakas ID: 753
2025-01-11 15:04:03,056 - INFO - Added tilaus for asiakas ID: 623
2025-01-11 15:04:03,056 - INFO - Added tilaus for asiakas ID: 794
2025-01-11 15:04:03,056 - INFO - Added tilaus for asiakas ID: 802
2025-01-11 15:04:03,056 - INFO - Added tilaus for asiakas ID: 650
2025-01-11 15:04:03,056 - INFO - Added tilaus for asiakas ID: 775
2025-01-11 15:04:03,056 - INFO - Added tilaus for asiakas ID: 685
2025-01-11 15:04:03,056 - INFO - Added tilaus for asiakas ID: 752
2025-01-11 15:04:03,056 - INFO - Added tilaus for asiakas ID: 649
2025-01-11 15:04:03,056 - INFO - Added tilaus for asiakas ID: 622
2025-01-11 15:04:03,073 - INFO - Added tilaus for asiakas ID: 663
2025-01-11 15:04:03,073 - INFO - Added tilaus for asiakas ID: 761
2025-01-11 15:04:03,073 - INFO - Added tilaus for asiakas ID: 791
2025-01-11 15:04:03,073 - INFO - Added tilaus for asiakas ID: 755
2025-01-11 15:04:03,073 - INFO - Added tilaus for asiakas ID: 695
2025-01-11 15:04:03,073 - INFO - Added tilaus for asiakas ID: 737
2025-01-11 15:04:03,073 - INFO - Added tilaus for asiakas ID: 714
2025-01-11 15:04:03,073 - INFO - Added tilaus for asiakas ID: 676
2025-01-11 15:04:03,073 - INFO - Added tilaus for asiakas ID: 615
2025-01-11 15:04:03,088 - INFO - Added tilaus for asiakas ID: 761
2025-01-11 15:04:03,090 - INFO - Added tilaus for asiakas ID: 735
2025-01-11 15:04:03,090 - INFO - Added tilaus for asiakas ID: 724
2025-01-11 15:04:03,090 - INFO - Added tilaus for asiakas ID: 622
2025-01-11 15:04:03,090 - INFO - Added tilaus for asiakas ID: 758
2025-01-11 15:04:03,090 - INFO - Added tilaus for asiakas ID: 731
2025-01-11 15:04:03,090 - INFO - Added tilaus for asiakas ID: 737
2025-01-11 15:04:03,090 - INFO - Added tilaus for asiakas ID: 777
2025-01-11 15:04:03,090 - INFO - Added tilaus for asiakas ID: 762
2025-01-11 15:04:03,105 - INFO - Added tilaus for asiakas ID: 726
2025-01-11 15:04:03,106 - INFO - Added tilaus for asiakas ID: 697
2025-01-11 15:04:03,106 - INFO - Added tilaus for asiakas ID: 731
2025-01-11 15:04:03,106 - INFO - Added tilaus for asiakas ID: 610
2025-01-11 15:04:03,106 - INFO - Added tilaus for asiakas ID: 750
2025-01-11 15:04:03,106 - INFO - Added tilaus for asiakas ID: 666
2025-01-11 15:04:03,106 - INFO - Added tilaus for asiakas ID: 789
2025-01-11 15:04:03,106 - INFO - Added tilaus for asiakas ID: 780
2025-01-11 15:04:03,106 - INFO - Added tilaus for asiakas ID: 734
2025-01-11 15:04:03,106 - INFO - Added tilaus for asiakas ID: 768
2025-01-11 15:04:03,123 - INFO - Added tilaus for asiakas ID: 790
2025-01-11 15:04:03,123 - INFO - Added tilaus for asiakas ID: 616
2025-01-11 15:04:03,123 - INFO - Added tilaus for asiakas ID: 624
2025-01-11 15:04:03,123 - INFO - Added tilaus for asiakas ID: 770
2025-01-11 15:04:03,123 - INFO - Added tilaus for asiakas ID: 722
2025-01-11 15:04:03,123 - INFO - Added tilaus for asiakas ID: 643
2025-01-11 15:04:03,123 - INFO - Added tilaus for asiakas ID: 690
2025-01-11 15:04:03,123 - INFO - Added tilaus for asiakas ID: 713
2025-01-11 15:04:03,123 - INFO - Added tilaus for asiakas ID: 750
2025-01-11 15:04:03,139 - INFO - Added tilaus for asiakas ID: 670
2025-01-11 15:04:03,139 - INFO - Added tilaus for asiakas ID: 651
2025-01-11 15:04:03,139 - INFO - Added tilaus for asiakas ID: 782
2025-01-11 15:04:03,139 - INFO - Added tilaus for asiakas ID: 781
2025-01-11 15:04:03,139 - INFO - Added tilaus for asiakas ID: 750
2025-01-11 15:04:03,139 - INFO - Added tilaus for asiakas ID: 639
2025-01-11 15:04:03,139 - INFO - Added tilaus for asiakas ID: 799
2025-01-11 15:04:03,139 - INFO - Added tilaus for asiakas ID: 653
2025-01-11 15:04:03,139 - INFO - Added tilaus for asiakas ID: 802
2025-01-11 15:04:03,155 - INFO - Added tilaus for asiakas ID: 742
2025-01-11 15:04:03,156 - INFO - Added tilaus for asiakas ID: 725
2025-01-11 15:04:03,156 - INFO - Added tilaus for asiakas ID: 664
2025-01-11 15:04:03,156 - INFO - Added tilaus for asiakas ID: 613
2025-01-11 15:04:03,156 - INFO - Added tilaus for asiakas ID: 739
2025-01-11 15:04:03,156 - INFO - Added tilaus for asiakas ID: 688
2025-01-11 15:04:03,156 - INFO - Added tilaus for asiakas ID: 741
2025-01-11 15:04:03,156 - INFO - Added tilaus for asiakas ID: 657
2025-01-11 15:04:03,156 - INFO - Added tilaus for asiakas ID: 758
2025-01-11 15:04:03,156 - INFO - Added tilaus for asiakas ID: 797
2025-01-11 15:04:03,173 - INFO - Added tilaus for asiakas ID: 724
2025-01-11 15:04:03,173 - INFO - Added tilaus for asiakas ID: 612
2025-01-11 15:04:03,173 - INFO - Added tilaus for asiakas ID: 746
2025-01-11 15:04:03,173 - INFO - Added tilaus for asiakas ID: 764
2025-01-11 15:04:03,173 - INFO - Added tilaus for asiakas ID: 643
2025-01-11 15:04:03,173 - INFO - Added tilaus for asiakas ID: 764
2025-01-11 15:04:03,173 - INFO - Added tilaus for asiakas ID: 649
2025-01-11 15:04:03,173 - INFO - Added tilaus for asiakas ID: 611
2025-01-11 15:04:03,173 - INFO - Added tilaus for asiakas ID: 808
2025-01-11 15:04:03,189 - INFO - Added tilaus for asiakas ID: 718
2025-01-11 15:04:03,189 - INFO - Added tilaus for asiakas ID: 775
2025-01-11 15:04:03,189 - INFO - Added tilaus for asiakas ID: 763
2025-01-11 15:04:03,189 - INFO - Added tilaus for asiakas ID: 625
2025-01-11 15:04:03,189 - INFO - Added tilaus for asiakas ID: 748
2025-01-11 15:04:03,189 - INFO - Added tilaus for asiakas ID: 683
2025-01-11 15:04:03,189 - INFO - Added tilaus for asiakas ID: 640
2025-01-11 15:04:03,189 - INFO - Added tilaus for asiakas ID: 752
2025-01-11 15:04:03,189 - INFO - Added tilaus for asiakas ID: 687
2025-01-11 15:04:03,205 - INFO - Added tilaus for asiakas ID: 611
2025-01-11 15:04:03,206 - INFO - Added tilaus for asiakas ID: 693
2025-01-11 15:04:03,206 - INFO - Added tilaus for asiakas ID: 800
2025-01-11 15:04:03,206 - INFO - Added tilaus for asiakas ID: 763
2025-01-11 15:04:03,206 - INFO - Added tilaus for asiakas ID: 717
2025-01-11 15:04:03,206 - INFO - Added tilaus for asiakas ID: 665
2025-01-11 15:04:03,206 - INFO - Added tilaus for asiakas ID: 672
2025-01-11 15:04:03,206 - INFO - Added tilaus for asiakas ID: 612
2025-01-11 15:04:03,206 - INFO - Added tilaus for asiakas ID: 786
2025-01-11 15:04:03,206 - INFO - Added tilaus for asiakas ID: 769
2025-01-11 15:04:03,223 - INFO - Added tilaus for asiakas ID: 751
2025-01-11 15:04:03,225 - INFO - Added tilaus for asiakas ID: 620
2025-01-11 15:04:03,225 - INFO - Added tilaus for asiakas ID: 772
2025-01-11 15:04:03,225 - INFO - Added tilaus for asiakas ID: 793
2025-01-11 15:04:03,225 - INFO - Added tilaus for asiakas ID: 621
2025-01-11 15:04:03,225 - INFO - Added tilaus for asiakas ID: 712
2025-01-11 15:04:03,225 - INFO - Added tilaus for asiakas ID: 718
2025-01-11 15:04:03,225 - INFO - Added tilaus for asiakas ID: 671
2025-01-11 15:04:03,240 - INFO - Added tilaus for asiakas ID: 688
2025-01-11 15:04:03,240 - INFO - Added tilaus for asiakas ID: 754
2025-01-11 15:04:03,240 - INFO - Added tilaus for asiakas ID: 781
2025-01-11 15:04:03,240 - INFO - Added tilaus for asiakas ID: 638
2025-01-11 15:04:03,240 - INFO - Added tilaus for asiakas ID: 702
2025-01-11 15:04:03,240 - INFO - Added tilaus for asiakas ID: 780
2025-01-11 15:04:03,240 - INFO - Added tilaus for asiakas ID: 763
2025-01-11 15:04:03,240 - INFO - Added tilaus for asiakas ID: 772
2025-01-11 15:04:03,255 - INFO - Added tilaus for asiakas ID: 788
2025-01-11 15:04:03,256 - INFO - Added tilaus for asiakas ID: 728
2025-01-11 15:04:03,256 - INFO - Added tilaus for asiakas ID: 762
2025-01-11 15:04:03,256 - INFO - Added tilaus for asiakas ID: 657
2025-01-11 15:04:03,256 - INFO - Added tilaus for asiakas ID: 780
2025-01-11 15:04:03,256 - INFO - Added tilaus for asiakas ID: 774
2025-01-11 15:04:03,256 - INFO - Added tilaus for asiakas ID: 682
2025-01-11 15:04:03,256 - INFO - Added tilaus for asiakas ID: 655
2025-01-11 15:04:03,256 - INFO - Added tilaus for asiakas ID: 784
2025-01-11 15:04:03,273 - INFO - Added tilaus for asiakas ID: 619
2025-01-11 15:04:03,273 - INFO - Added tilaus for asiakas ID: 782
2025-01-11 15:04:03,273 - INFO - Added tilaus for asiakas ID: 693
2025-01-11 15:04:03,273 - INFO - Added tilaus for asiakas ID: 642
2025-01-11 15:04:03,273 - INFO - Added tilaus for asiakas ID: 783
2025-01-11 15:04:03,273 - INFO - Added tilaus for asiakas ID: 671
2025-01-11 15:04:03,273 - INFO - Added tilaus for asiakas ID: 718
2025-01-11 15:04:03,289 - INFO - Added tilaus for asiakas ID: 700
2025-01-11 15:04:03,290 - INFO - Added tilaus for asiakas ID: 783
2025-01-11 15:04:03,290 - INFO - Added tilaus for asiakas ID: 609
2025-01-11 15:04:03,290 - INFO - Added tilaus for asiakas ID: 714
2025-01-11 15:04:03,290 - INFO - Added tilaus for asiakas ID: 777
2025-01-11 15:04:03,290 - INFO - Added tilaus for asiakas ID: 702
2025-01-11 15:04:03,290 - INFO - Added tilaus for asiakas ID: 773
2025-01-11 15:04:03,304 - INFO - Added tilaus for asiakas ID: 676
2025-01-11 15:04:03,306 - INFO - Added tilaus for asiakas ID: 624
2025-01-11 15:04:03,308 - INFO - Added tilaus for asiakas ID: 710
2025-01-11 15:04:03,308 - INFO - Added tilaus for asiakas ID: 694
2025-01-11 15:04:03,308 - INFO - Added tilaus for asiakas ID: 734
2025-01-11 15:04:03,308 - INFO - Added tilaus for asiakas ID: 720
2025-01-11 15:04:03,308 - INFO - Added tilaus for asiakas ID: 722
2025-01-11 15:04:03,308 - INFO - Added tilaus for asiakas ID: 616
2025-01-11 15:04:03,308 - INFO - Added tilaus for asiakas ID: 794
2025-01-11 15:04:03,322 - INFO - Added tilaus for asiakas ID: 652
2025-01-11 15:04:03,324 - INFO - Added tilaus for asiakas ID: 726
2025-01-11 15:04:03,326 - INFO - Added tilaus for asiakas ID: 682
2025-01-11 15:04:03,327 - INFO - Added tilaus for asiakas ID: 718
2025-01-11 15:04:03,329 - INFO - Added tilaus for asiakas ID: 729
2025-01-11 15:04:03,329 - INFO - Added tilaus for asiakas ID: 750
2025-01-11 15:04:03,329 - INFO - Added tilaus for asiakas ID: 778
2025-01-11 15:04:03,329 - INFO - Added tilaus for asiakas ID: 691
2025-01-11 15:04:03,338 - INFO - Added tilaus for asiakas ID: 751
2025-01-11 15:04:03,340 - INFO - Added tilaus for asiakas ID: 805
2025-01-11 15:04:03,342 - INFO - Added tilaus for asiakas ID: 689
2025-01-11 15:04:03,344 - INFO - Added tilaus for asiakas ID: 633
2025-01-11 15:04:03,345 - INFO - Added tilaus for asiakas ID: 797
2025-01-11 15:04:03,347 - INFO - Added tilaus for asiakas ID: 774
2025-01-11 15:04:03,349 - INFO - Added tilaus for asiakas ID: 805
2025-01-11 15:04:03,350 - INFO - Added tilaus for asiakas ID: 610
2025-01-11 15:04:03,352 - INFO - Added tilaus for asiakas ID: 749
2025-01-11 15:04:03,355 - INFO - Added tilaus for asiakas ID: 797
2025-01-11 15:04:03,356 - INFO - Added tilaus for asiakas ID: 739
2025-01-11 15:04:03,358 - INFO - Added tilaus for asiakas ID: 738
2025-01-11 15:04:03,360 - INFO - Added tilaus for asiakas ID: 682
2025-01-11 15:04:03,362 - INFO - Added tilaus for asiakas ID: 659
2025-01-11 15:04:03,363 - INFO - Added tilaus for asiakas ID: 654
2025-01-11 15:04:03,365 - INFO - Added tilaus for asiakas ID: 766
2025-01-11 15:04:03,367 - INFO - Added tilaus for asiakas ID: 759
2025-01-11 15:04:03,368 - INFO - Added tilaus for asiakas ID: 762
2025-01-11 15:04:03,370 - INFO - Added tilaus for asiakas ID: 742
2025-01-11 15:04:03,371 - INFO - Added tilaus for asiakas ID: 704
2025-01-11 15:04:03,371 - INFO - Added tilaus for asiakas ID: 661
2025-01-11 15:04:03,371 - INFO - Added tilaus for asiakas ID: 790
2025-01-11 15:04:03,371 - INFO - Added tilaus for asiakas ID: 757
2025-01-11 15:04:03,371 - INFO - Added tilaus for asiakas ID: 700
2025-01-11 15:04:03,371 - INFO - Added tilaus for asiakas ID: 790
2025-01-11 15:04:03,371 - INFO - Added tilaus for asiakas ID: 656
2025-01-11 15:04:03,371 - INFO - Added tilaus for asiakas ID: 768
2025-01-11 15:04:03,371 - INFO - Added tilaus for asiakas ID: 787
2025-01-11 15:04:03,387 - INFO - Added tilaus for asiakas ID: 798
2025-01-11 15:04:03,387 - INFO - Added tilaus for asiakas ID: 754
2025-01-11 15:04:03,387 - INFO - Added tilaus for asiakas ID: 796
2025-01-11 15:04:03,387 - INFO - Added tilaus for asiakas ID: 756
2025-01-11 15:04:03,387 - INFO - Added tilaus for asiakas ID: 783
2025-01-11 15:04:03,387 - INFO - Added tilaus for asiakas ID: 644
2025-01-11 15:04:03,387 - INFO - Added tilaus for asiakas ID: 795
2025-01-11 15:04:03,387 - INFO - Added tilaus for asiakas ID: 805
2025-01-11 15:04:03,387 - INFO - Added tilaus for asiakas ID: 663
2025-01-11 15:04:03,387 - INFO - Added tilaus for asiakas ID: 710
2025-01-11 15:04:03,387 - INFO - Added tilaus for asiakas ID: 654
2025-01-11 15:04:03,402 - INFO - Added tilaus for asiakas ID: 799
2025-01-11 15:04:03,402 - INFO - Added tilaus for asiakas ID: 715
2025-01-11 15:04:03,402 - INFO - Added tilaus for asiakas ID: 635
2025-01-11 15:04:03,402 - INFO - Added tilaus for asiakas ID: 800
2025-01-11 15:04:03,402 - INFO - Added tilaus for asiakas ID: 781
2025-01-11 15:04:03,402 - INFO - Added tilaus for asiakas ID: 643
2025-01-11 15:04:03,402 - INFO - Added tilaus for asiakas ID: 644
2025-01-11 15:04:03,402 - INFO - Added tilaus for asiakas ID: 677
2025-01-11 15:04:03,402 - INFO - Added tilaus for asiakas ID: 644
2025-01-11 15:04:03,402 - INFO - Added tilaus for asiakas ID: 776
2025-01-11 15:04:03,402 - INFO - Added tilaus for asiakas ID: 677
2025-01-11 15:04:03,402 - INFO - Added tilaus for asiakas ID: 709
2025-01-11 15:04:03,418 - INFO - Added tilaus for asiakas ID: 638
2025-01-11 15:04:03,418 - INFO - Added tilaus for asiakas ID: 710
2025-01-11 15:04:03,418 - INFO - Added tilaus for asiakas ID: 713
2025-01-11 15:04:03,418 - INFO - Added tilaus for asiakas ID: 745
2025-01-11 15:04:03,418 - INFO - Added tilaus for asiakas ID: 677
2025-01-11 15:04:03,418 - INFO - Added tilaus for asiakas ID: 735
2025-01-11 15:04:03,418 - INFO - Added tilaus for asiakas ID: 778
2025-01-11 15:04:03,418 - INFO - Added tilaus for asiakas ID: 692
2025-01-11 15:04:03,418 - INFO - Added tilaus for asiakas ID: 806
2025-01-11 15:04:03,418 - INFO - Added tilaus for asiakas ID: 632
2025-01-11 15:04:03,418 - INFO - Added tilaus for asiakas ID: 629
2025-01-11 15:04:03,418 - INFO - Added tilaus for asiakas ID: 791
2025-01-11 15:04:03,418 - INFO - Added tilaus for asiakas ID: 772
2025-01-11 15:04:03,433 - INFO - Added tilaus for asiakas ID: 615
2025-01-11 15:04:03,433 - INFO - Added tilaus for asiakas ID: 786
2025-01-11 15:04:03,433 - INFO - Added tilaus for asiakas ID: 721
2025-01-11 15:04:03,433 - INFO - Added tilaus for asiakas ID: 753
2025-01-11 15:04:03,433 - INFO - Added tilaus for asiakas ID: 712
2025-01-11 15:04:03,433 - INFO - Added tilaus for asiakas ID: 705
2025-01-11 15:04:03,433 - INFO - Added tilaus for asiakas ID: 717
2025-01-11 15:04:03,433 - INFO - Added tilaus for asiakas ID: 807
2025-01-11 15:04:03,433 - INFO - Added tilaus for asiakas ID: 656
2025-01-11 15:04:03,433 - INFO - Added tilaus for asiakas ID: 752
2025-01-11 15:04:03,449 - INFO - Added tilaus for asiakas ID: 752
2025-01-11 15:04:03,449 - INFO - Added tilaus for asiakas ID: 701
2025-01-11 15:04:03,449 - INFO - Added tilaus for asiakas ID: 636
2025-01-11 15:04:03,449 - INFO - Added tilaus for asiakas ID: 684
2025-01-11 15:04:03,449 - INFO - Added tilaus for asiakas ID: 764
2025-01-11 15:04:03,449 - INFO - Added tilaus for asiakas ID: 770
2025-01-11 15:04:03,449 - INFO - Added tilaus for asiakas ID: 626
2025-01-11 15:04:03,449 - INFO - Added tilaus for asiakas ID: 634
2025-01-11 15:04:03,449 - INFO - Added tilaus for asiakas ID: 718
2025-01-11 15:04:03,449 - INFO - Added tilaus for asiakas ID: 638
2025-01-11 15:04:03,449 - INFO - Added tilaus for asiakas ID: 710
2025-01-11 15:04:03,449 - INFO - Added tilaus for asiakas ID: 778
2025-01-11 15:04:03,449 - INFO - Added tilaus for asiakas ID: 698
2025-01-11 15:04:03,465 - INFO - Added tilaus for asiakas ID: 688
2025-01-11 15:04:03,465 - INFO - Added tilaus for asiakas ID: 730
2025-01-11 15:04:03,465 - INFO - Added tilaus for asiakas ID: 661
2025-01-11 15:04:03,465 - INFO - Added tilaus for asiakas ID: 649
2025-01-11 15:04:03,465 - INFO - Added tilaus for asiakas ID: 657
2025-01-11 15:04:03,465 - INFO - Added tilaus for asiakas ID: 624
2025-01-11 15:04:03,465 - INFO - Added tilaus for asiakas ID: 782
2025-01-11 15:04:03,465 - INFO - Added tilaus for asiakas ID: 660
2025-01-11 15:04:03,465 - INFO - Added tilaus for asiakas ID: 701
2025-01-11 15:04:03,465 - INFO - Added tilaus for asiakas ID: 724
2025-01-11 15:04:03,465 - INFO - Added tilaus for asiakas ID: 609
2025-01-11 15:04:03,465 - INFO - Added tilaus for asiakas ID: 676
2025-01-11 15:04:03,465 - INFO - Added tilaus for asiakas ID: 624
2025-01-11 15:04:03,480 - INFO - Added tilaus for asiakas ID: 690
2025-01-11 15:04:03,480 - INFO - Added tilaus for asiakas ID: 696
2025-01-11 15:04:03,480 - INFO - Added tilaus for asiakas ID: 668
2025-01-11 15:04:03,480 - INFO - Added tilaus for asiakas ID: 798
2025-01-11 15:04:03,480 - INFO - Added tilaus for asiakas ID: 777
2025-01-11 15:04:03,480 - INFO - Added tilaus for asiakas ID: 659
2025-01-11 15:04:03,480 - INFO - Added tilaus for asiakas ID: 770
2025-01-11 15:04:03,480 - INFO - Added tilaus for asiakas ID: 649
2025-01-11 15:04:03,480 - INFO - Added tilaus for asiakas ID: 778
2025-01-11 15:04:03,480 - INFO - Added tilaus for asiakas ID: 739
2025-01-11 15:04:03,480 - INFO - Added tilaus for asiakas ID: 805
2025-01-11 15:04:03,480 - INFO - Added tilaus for asiakas ID: 711
2025-01-11 15:04:03,480 - INFO - Added tilaus for asiakas ID: 621
2025-01-11 15:04:03,496 - INFO - Added tilaus for asiakas ID: 779
2025-01-11 15:04:03,496 - INFO - Added tilaus for asiakas ID: 757
2025-01-11 15:04:03,496 - INFO - Added tilaus for asiakas ID: 754
2025-01-11 15:04:03,496 - INFO - Added tilaus for asiakas ID: 724
2025-01-11 15:04:03,496 - INFO - Added tilaus for asiakas ID: 629
2025-01-11 15:04:03,496 - INFO - Added tilaus for asiakas ID: 684
2025-01-11 15:04:03,496 - INFO - Added tilaus for asiakas ID: 652
2025-01-11 15:04:03,496 - INFO - Added tilaus for asiakas ID: 715
2025-01-11 15:04:03,496 - INFO - Added tilaus for asiakas ID: 726
2025-01-11 15:04:03,496 - INFO - Added tilaus for asiakas ID: 784
2025-01-11 15:04:03,496 - INFO - Added tilaus for asiakas ID: 770
2025-01-11 15:04:03,496 - INFO - Added tilaus for asiakas ID: 722
2025-01-11 15:04:03,496 - INFO - Added tilaus for asiakas ID: 688
2025-01-11 15:04:03,512 - INFO - Added tilaus for asiakas ID: 693
2025-01-11 15:04:03,512 - INFO - Added tilaus for asiakas ID: 617
2025-01-11 15:04:03,512 - INFO - Added tilaus for asiakas ID: 667
2025-01-11 15:04:03,512 - INFO - Added tilaus for asiakas ID: 620
2025-01-11 15:04:03,512 - INFO - Added tilaus for asiakas ID: 637
2025-01-11 15:04:03,512 - INFO - Added tilaus for asiakas ID: 797
2025-01-11 15:04:03,512 - INFO - Added tilaus for asiakas ID: 684
2025-01-11 15:04:03,512 - INFO - Added tilaus for asiakas ID: 780
2025-01-11 15:04:03,512 - INFO - Added tilaus for asiakas ID: 680
2025-01-11 15:04:03,512 - INFO - Added tilaus for asiakas ID: 633
2025-01-11 15:04:03,512 - INFO - Added tilaus for asiakas ID: 706
2025-01-11 15:04:03,512 - INFO - Added tilaus for asiakas ID: 640
2025-01-11 15:04:03,527 - INFO - Added tilaus for asiakas ID: 647
2025-01-11 15:04:03,527 - INFO - Added tilaus for asiakas ID: 730
2025-01-11 15:04:03,527 - INFO - Added tilaus for asiakas ID: 671
2025-01-11 15:04:03,527 - INFO - Added tilaus for asiakas ID: 804
2025-01-11 15:04:03,527 - INFO - Added tilaus for asiakas ID: 735
2025-01-11 15:04:03,527 - INFO - Added tilaus for asiakas ID: 796
2025-01-11 15:04:03,527 - INFO - Added tilaus for asiakas ID: 742
2025-01-11 15:04:03,527 - INFO - Added tilaus for asiakas ID: 678
2025-01-11 15:04:03,527 - INFO - Added tilaus for asiakas ID: 698
2025-01-11 15:04:03,527 - INFO - Added tilaus for asiakas ID: 701
2025-01-11 15:04:03,543 - INFO - Added tilaus for asiakas ID: 723
2025-01-11 15:04:03,543 - INFO - Added tilaus for asiakas ID: 651
2025-01-11 15:04:03,543 - INFO - Added tilaus for asiakas ID: 672
2025-01-11 15:04:03,543 - INFO - Added tilaus for asiakas ID: 704
2025-01-11 15:04:03,543 - INFO - Added tilaus for asiakas ID: 737
2025-01-11 15:04:03,543 - INFO - Added tilaus for asiakas ID: 802
2025-01-11 15:04:03,543 - INFO - Added tilaus for asiakas ID: 767
2025-01-11 15:04:03,543 - INFO - Added tilaus for asiakas ID: 751
2025-01-11 15:04:03,543 - INFO - Added tilaus for asiakas ID: 802
2025-01-11 15:04:03,543 - INFO - Added tilaus for asiakas ID: 644
2025-01-11 15:04:03,543 - INFO - Added tilaus for asiakas ID: 725
2025-01-11 15:04:03,558 - INFO - Added tilaus for asiakas ID: 659
2025-01-11 15:04:03,558 - INFO - Added tilaus for asiakas ID: 797
2025-01-11 15:04:03,558 - INFO - Added tilaus for asiakas ID: 686
2025-01-11 15:04:03,558 - INFO - Added tilaus for asiakas ID: 644
2025-01-11 15:04:03,558 - INFO - Added tilaus for asiakas ID: 610
2025-01-11 15:04:03,558 - INFO - Added tilaus for asiakas ID: 610
2025-01-11 15:04:03,558 - INFO - Added tilaus for asiakas ID: 727
2025-01-11 15:04:03,558 - INFO - Added tilaus for asiakas ID: 799
2025-01-11 15:04:03,558 - INFO - Added tilaus for asiakas ID: 630
2025-01-11 15:04:03,558 - INFO - Added tilaus for asiakas ID: 665
2025-01-11 15:04:03,558 - INFO - Added tilaus for asiakas ID: 645
2025-01-11 15:04:03,558 - INFO - Added tilaus for asiakas ID: 669
2025-01-11 15:04:03,558 - INFO - Added tilaus for asiakas ID: 681
2025-01-11 15:04:03,574 - INFO - Added tilaus for asiakas ID: 803
2025-01-11 15:04:03,574 - INFO - Added tilaus for asiakas ID: 738
2025-01-11 15:04:03,574 - INFO - Added tilaus for asiakas ID: 808
2025-01-11 15:04:03,574 - INFO - Added tilaus for asiakas ID: 753
2025-01-11 15:04:03,574 - INFO - Added tilaus for asiakas ID: 690
2025-01-11 15:04:03,574 - INFO - Added tilaus for asiakas ID: 735
2025-01-11 15:04:03,574 - INFO - Committed data for tilaukset.
2025-01-11 15:04:03,574 - INFO - Data generation completed successfully.
2025-01-11 15:04:03,574 - INFO - Database connection closed.
